Date,Open,High,Low,Close,Adj Close,Volume
14/04/2021,381.0,429.54,310.0,328.28,328.28,81065700
15/04/2021,348.9,349.2,317.27,322.75,322.75,39777900
16/04/2021,327.5,345.99,321.03,342.0,342.0,22654500
19/04/2021,337.26,341.01,326.79,333.0,333.0,11405600
20/04/2021,333.43,334.83,312.02,320.82,320.82,18082300
21/04/2021,312.52,327.47,302.1,311.92,311.92,10103900
22/04/2021,305.76,313.5,287.2,293.45,293.45,14991900
23/04/2021,282.75,303.0,282.07,291.6,291.6,9853800
26/04/2021,304.29,306.1,296.9,304.54,304.54,6330200
27/04/2021,306.7,306.7,299.5,302.0,302.0,3902000
28/04/2021,301.01,302.9,298.05,298.05,298.05,2746100
29/04/2021,298.45,300.0,292.1,294.77,294.77,2845800
30/04/2021,293.0,302.74,291.0,297.64,297.64,3997400
03/05/2021,304.0,305.03,293.94,294.21,294.21,3333800
04/05/2021,292.06,292.19,275.61,280.66,280.66,5707700
05/05/2021,284.95,289.15,269.0,273.0,273.0,5074600
06/05/2021,271.15,272.14,250.51,256.76,256.76,8342000
07/05/2021,261.15,267.07,258.38,263.7,263.7,4243700
10/05/2021,266.4,297.5,259.37,293.45,293.45,10268600
11/05/2021,281.05,303.32,276.51,303.0,303.0,7456000
12/05/2021,299.54,306.98,280.79,283.61,283.61,7214200
13/05/2021,276.46,285.0,252.26,265.1,265.1,11226800
14/05/2021,280.37,280.64,256.35,258.37,258.37,11751800
17/05/2021,250.0,250.25,238.25,248.24,248.24,8828100
18/05/2021,238.83,252.17,238.5,239.0,239.0,7852100
19/05/2021,212.93,229.0,208.0,224.8,224.8,16766000
20/05/2021,236.1,238.8,226.26,233.4,233.4,10386900
21/05/2021,235.97,238.97,223.9,224.35,224.35,7554900
24/05/2021,227.28,231.0,224.04,225.3,225.3,10185600
25/05/2021,230.0,243.99,228.0,242.41,242.41,11827800
26/05/2021,247.5,249.39,239.37,241.52,241.52,6602800
27/05/2021,245.21,247.24,240.32,247.09,247.09,5083300
28/05/2021,243.57,244.63,236.54,236.54,236.54,5091500
01/06/2021,238.51,244.71,238.1,238.93,238.93,3962700
02/06/2021,242.8,243.9,238.71,240.48,240.48,3383800
03/06/2021,241.39,241.5,233.5,233.66,233.66,3091100
04/06/2021,229.99,233.36,227.5,228.79,228.79,3775100
07/06/2021,229.92,232.56,226.5,231.45,231.45,2658300
08/06/2021,227.16,229.33,217.4,220.66,220.66,6015800
09/06/2021,222.8,229.79,217.4,224.32,224.32,6865900
10/06/2021,226.22,229.79,221.47,221.85,221.85,3955300
11/06/2021,223.5,225.74,221.96,223.92,223.92,2383500
14/06/2021,231.27,239.76,229.76,239.1,239.1,6151700
15/06/2021,236.23,237.67,230.96,232.21,232.21,3007900
16/06/2021,231.4,234.68,226.28,228.05,228.05,2874800
17/06/2021,226.88,233.23,226.35,230.66,230.66,2589600
18/06/2021,226.92,232.69,226.5,229.29,229.29,3265200
21/06/2021,223.14,224.99,218.77,222.6,222.6,4687600
22/06/2021,216.25,223.15,210.77,222.47,222.47,6206100
23/06/2021,225.54,230.52,224.5,226.01,226.01,3394700
24/06/2021,228.46,230.04,226.67,229.93,229.93,2857700
25/06/2021,226.97,227.82,223.22,224.54,224.54,2507000
28/06/2021,227.64,248.06,226.13,246.69,246.69,7449000
29/06/2021,250.2,261.15,250.01,254.9,254.9,7867600
30/06/2021,248.3,254.67,247.0,253.3,253.3,4143500
01/07/2021,251.09,255.15,240.53,241.44,241.44,3611300
02/07/2021,242.0,246.8,238.88,240.72,240.72,2325000
06/07/2021,243.0,243.0,234.02,235.41,235.41,2212600
07/07/2021,238.96,252.99,232.34,251.97,251.97,4804400
08/07/2021,239.0,246.6,233.61,244.29,244.29,4350000
09/07/2021,245.0,256.99,244.21,253.88,253.88,4457400
12/07/2021,254.0,254.89,246.83,247.67,247.67,2222100
13/07/2021,245.51,249.15,242.93,243.31,243.31,3308000
14/07/2021,244.9,247.45,229.16,229.94,229.94,4808400
15/07/2021,229.94,234.47,220.37,224.63,224.63,3635900
16/07/2021,227.2,231.3,220.66,225.01,225.01,3373100
19/07/2021,216.92,221.89,213.22,220.61,220.61,3149300
20/07/2021,216.71,226.89,213.23,224.96,224.96,3104800
21/07/2021,231.7,237.15,229.19,230.87,230.87,3677400
22/07/2021,232.0,232.32,224.5,226.08,226.08,2551700
23/07/2021,226.22,227.35,222.73,224.92,224.92,1574700
26/07/2021,240.08,249.8,237.88,245.45,245.45,7615700
27/07/2021,243.0,243.21,229.12,235.08,235.08,5636400
28/07/2021,240.3,242.87,238.03,241.75,241.75,2065200
29/07/2021,241.77,245.16,235.33,235.78,235.78,2453100
30/07/2021,233.28,238.07,231.9,236.58,236.58,2041100
02/08/2021,237.28,240.38,233.8,235.4,235.4,2151300
03/08/2021,233.87,235.69,226.91,230.18,230.18,2850500
04/08/2021,231.06,245.47,229.85,244.36,244.36,3684700
05/08/2021,239.76,258.31,237.59,255.5,255.5,6017800
06/08/2021,255.5,263.9,250.23,258.26,258.26,5579900
09/08/2021,267.85,282.43,267.5,280.47,280.47,8892400
10/08/2021,280.67,281.5,264.25,269.67,269.67,7723400
11/08/2021,282.34,294.0,274.35,278.4,278.4,13998300
12/08/2021,266.39,267.75,255.2,256.5,256.5,8247800
13/08/2021,262.82,266.5,259.97,261.25,261.25,4472800
16/08/2021,265.26,265.43,253.6,256.83,256.83,3232200
17/08/2021,253.14,260.74,246.23,250.8,250.8,3102000
18/08/2021,249.0,254.4,243.76,244.39,244.39,2565000
19/08/2021,240.6,249.77,239.19,248.24,248.24,3247200
20/08/2021,252.0,260.62,251.42,257.32,257.32,4031100
23/08/2021,263.67,266.5,255.0,256.0,256.0,5705300
24/08/2021,256.99,260.25,253.2,259.28,259.28,3982800
25/08/2021,257.0,262.11,256.0,256.77,256.77,2675100
26/08/2021,253.21,255.2,248.5,248.54,248.54,3038900
27/08/2021,249.39,259.67,248.09,259.12,259.12,3201400
30/08/2021,256.35,263.34,256.25,262.66,262.66,2687600
31/08/2021,260.02,263.4,257.18,259.0,259.0,2493800
01/09/2021,260.31,272.1,258.63,265.9,265.9,4789600
02/09/2021,272.54,275.66,266.0,268.18,268.18,3733200
03/09/2021,272.0,280.61,270.03,278.44,278.44,4425700
07/09/2021,277.0,278.87,262.6,266.81,266.81,5173000
08/09/2021,257.0,262.95,253.88,258.2,258.2,4507600
09/09/2021,260.3,263.81,255.7,256.42,256.42,3074500
10/09/2021,257.31,258.87,247.4,248.32,248.32,3191300
13/09/2021,246.51,251.88,239.6,242.84,242.84,4021400
14/09/2021,247.25,248.79,241.27,243.0,243.0,2748900
15/09/2021,244.0,249.47,242.05,247.07,247.07,2148300
16/09/2021,247.38,247.46,239.61,243.21,243.21,2596800
17/09/2021,243.13,245.63,238.75,245.19,245.19,2948000
20/09/2021,234.45,237.36,231.15,236.53,236.53,4192600
21/09/2021,237.01,240.26,234.26,238.46,238.46,2174700
22/09/2021,239.91,243.2,237.76,241.85,241.85,1660200
23/09/2021,244.57,245.8,237.07,237.5,237.5,3151300
24/09/2021,231.0,235.31,229.17,231.82,231.82,3700000
27/09/2021,231.88,233.4,227.35,232.24,232.24,3234800
28/09/2021,229.68,232.51,227.52,229.84,229.84,3231200
29/09/2021,231.0,233.77,225.04,225.28,225.28,2547300
30/09/2021,227.0,229.99,225.28,227.48,227.48,2514700
01/10/2021,232.89,235.76,226.93,231.15,231.15,3457300
04/10/2021,231.49,233.1,224.51,229.31,229.31,2591100
05/10/2021,231.35,240.09,230.79,240.09,240.09,2994400
06/10/2021,242.4,252.14,242.2,250.38,250.38,5747700
07/10/2021,248.0,253.0,245.65,251.59,251.59,3213200
08/10/2021,253.53,256.18,246.9,248.14,248.14,2873700
11/10/2021,249.57,263.19,248.49,256.5,256.5,4945300
12/10/2021,254.26,256.37,246.08,249.33,249.33,3971900
13/10/2021,246.5,249.73,244.56,246.78,246.78,2878000
14/10/2021,250.9,262.95,249.1,260.0,260.0,6299100
15/10/2021,266.6,281.72,266.53,280.61,280.61,9517500
18/10/2021,275.74,296.98,271.5,293.34,293.34,11789600
19/10/2021,300.0,307.85,294.11,305.63,305.63,14785700
20/10/2021,306.66,317.37,303.96,314.71,314.71,10315300
21/10/2021,311.96,317.18,298.0,300.01,300.01,8289200
22/10/2021,302.0,306.0,293.62,300.84,300.84,5437300
25/10/2021,306.76,327.0,305.11,325.54,325.54,8444900
26/10/2021,328.15,328.48,315.51,319.49,319.49,7635800
27/10/2021,309.33,320.28,306.5,311.67,311.67,5253300
28/10/2021,319.81,327.72,311.0,319.13,319.13,5952300
29/10/2021,319.32,326.5,316.14,319.42,319.42,3766400
01/11/2021,324.77,338.43,323.9,330.99,330.99,6255900
02/11/2021,336.33,345.25,332.14,336.34,336.34,6104700
03/11/2021,335.26,344.47,328.31,344.38,344.38,4809800
04/11/2021,340.74,345.85,333.88,344.45,344.45,5893700
05/11/2021,345.23,345.23,333.44,337.05,337.05,3527600
08/11/2021,349.5,363.17,345.56,353.92,353.92,8531100
09/11/2021,367.39,368.9,345.06,357.39,357.39,10153700
10/11/2021,327.22,348.98,320.0,328.6,328.6,15168900
11/11/2021,327.43,342.49,327.0,336.39,336.39,4905800
12/11/2021,339.25,344.0,332.56,342.98,342.98,4469900
15/11/2021,345.1,355.2,339.03,345.36,345.36,4465700
16/11/2021,333.14,347.4,331.58,342.12,342.12,4128100
17/11/2021,342.03,348.49,338.18,346.52,346.52,3772100
18/11/2021,343.0,344.84,323.41,323.57,323.57,5408800
19/11/2021,325.56,339.41,325.4,332.55,332.55,3680400
22/11/2021,333.33,335.9,310.67,315.48,315.48,5013600
23/11/2021,312.5,319.7,304.6,317.2,317.2,3465000
24/11/2021,309.38,316.32,305.88,312.38,312.38,2759800
26/11/2021,301.3,307.92,299.15,303.19,303.19,2678700
29/11/2021,312.22,321.58,306.75,319.39,319.39,4159700
30/11/2021,320.75,331.7,310.98,315.0,315.0,7168400
01/12/2021,318.6,323.0,293.7,294.5,294.5,4267500
02/12/2021,295.16,305.32,283.82,284.71,284.71,4625100
03/12/2021,286.0,286.0,258.16,265.65,265.65,7271100
06/12/2021,253.13,267.23,244.46,263.24,263.24,5366400
07/12/2021,277.65,290.19,274.91,286.42,286.42,4648200
08/12/2021,284.44,290.0,278.29,287.48,287.48,2495900
09/12/2021,284.97,284.99,258.92,263.91,263.91,5394600
10/12/2021,266.3,269.19,250.15,255.76,255.76,5062100
13/12/2021,252.14,256.5,244.8,251.37,251.37,3410400
14/12/2021,247.28,260.5,243.5,255.86,255.86,3866600
15/12/2021,254.49,261.17,242.26,258.3,258.3,4623500
16/12/2021,264.46,268.26,244.63,247.17,247.17,3346600
17/12/2021,240.0,250.48,236.0,243.35,243.35,4420300
20/12/2021,236.56,239.37,231.77,238.05,238.05,3572200
21/12/2021,244.15,248.12,239.59,247.69,247.69,2776500
22/12/2021,248.51,254.79,245.64,254.55,254.55,3779100
23/12/2021,256.56,269.31,253.5,268.15,268.15,4106100
27/12/2021,270.26,281.99,270.2,280.27,280.27,4448900
28/12/2021,270.0,270.98,259.69,261.33,261.33,4372800
29/12/2021,256.67,263.01,251.37,252.6,252.6,3474300
30/12/2021,252.6,260.0,252.04,256.79,256.79,2887600
31/12/2021,255.81,259.21,251.52,252.37,252.37,2360300
03/01/2022,256.27,261.63,250.64,251.05,251.05,3350900
04/01/2022,253.05,258.81,244.14,250.15,250.15,3652600
05/01/2022,247.72,248.69,232.86,234.23,234.23,5196300
06/01/2022,233.19,235.98,224.88,234.0,234.0,5236000
07/01/2022,233.63,238.48,227.59,232.33,232.33,3312000
10/01/2022,224.43,225.26,214.64,225.01,225.01,6800800
11/01/2022,225.5,238.0,222.18,237.23,237.23,5585600
12/01/2022,242.11,246.27,234.42,234.7,234.7,3937000
13/01/2022,241.99,242.87,227.19,228.23,228.23,3814100
14/01/2022,226.62,232.0,222.3,230.03,230.03,4325600
18/01/2022,226.82,227.19,219.6,222.0,222.0,3483000
19/01/2022,224.25,227.17,218.82,219.5,219.5,2976700
20/01/2022,222.3,232.0,220.84,221.62,221.62,3691200
21/01/2022,209.98,210.19,186.86,191.97,191.97,13628300
24/01/2022,173.18,191.86,162.51,191.48,191.48,12978700
25/01/2022,185.17,193.12,177.15,185.63,185.63,6271300
26/01/2022,193.6,198.05,177.0,178.64,178.64,7566300
27/01/2022,182.03,182.75,168.58,170.2,170.2,5551900
28/01/2022,169.1,181.75,162.2,177.58,177.58,6475800
31/01/2022,177.87,192.0,175.03,190.15,190.15,4060500
01/02/2022,197.97,201.45,188.62,197.73,197.73,5159000
02/02/2022,195.81,197.0,181.73,187.37,187.37,3861700
03/02/2022,182.26,189.3,179.0,181.31,181.31,3417000
04/02/2022,181.02,197.0,177.45,194.44,194.44,4397900
07/02/2022,198.7,211.11,198.2,205.74,205.74,6668300
08/02/2022,200.37,209.25,196.75,208.73,208.73,4639100
09/02/2022,210.18,215.25,207.61,214.5,214.5,3811700
10/02/2022,210.57,217.49,202.86,204.77,204.77,4587400
11/02/2022,205.8,205.98,191.02,194.53,194.53,5054200
14/02/2022,193.48,203.56,193.46,195.25,195.25,4528100
15/02/2022,202.31,209.31,201.18,208.95,208.95,3714300
16/02/2022,205.38,214.02,203.83,207.96,207.96,3593600
17/02/2022,202.1,206.31,188.93,191.92,191.92,4740600
18/02/2022,191.08,192.72,180.54,189.16,189.16,4502200
22/02/2022,180.87,185.75,173.16,176.76,176.76,4472800
23/02/2022,180.69,183.34,171.77,172.74,172.74,3892500
24/02/2022,159.08,183.0,155.92,179.56,179.56,8134000
25/02/2022,180.24,182.09,170.4,176.83,176.83,6836800
28/02/2022,172.5,192.23,172.09,190.77,190.77,8036300
01/03/2022,196.28,205.88,189.63,196.17,196.17,7779200
02/03/2022,192.26,196.15,189.51,194.5,194.5,3414100
03/03/2022,194.71,194.92,177.15,178.03,178.03,3734400
04/03/2022,177.61,178.66,162.16,165.75,165.75,5848700
07/03/2022,168.25,172.98,160.23,161.14,161.14,4424000
08/03/2022,160.1,168.35,156.53,161.99,161.99,3840800
09/03/2022,174.26,181.45,173.51,178.97,178.97,4945200
10/03/2022,173.14,174.49,168.1,172.97,172.97,2670600
11/03/2022,175.35,175.75,160.0,160.07,160.07,3660500
14/03/2022,159.99,161.7,150.42,153.19,153.19,4450000
15/03/2022,152.9,156.42,150.12,155.98,155.98,4245400
16/03/2022,160.47,173.07,160.0,172.53,172.53,5974300
17/03/2022,170.73,177.5,168.0,177.22,177.22,2975900
18/03/2022,175.03,186.69,175.0,185.94,185.94,4835700
21/03/2022,181.8,183.59,171.7,176.81,176.81,4214000
22/03/2022,180.5,188.81,178.5,186.08,186.08,4086100
23/03/2022,184.72,189.55,181.8,183.11,183.11,2311900
24/03/2022,185.26,192.0,179.5,190.19,190.19,3536500
25/03/2022,192.0,195.7,182.8,186.71,186.71,3598300
28/03/2022,193.31,203.27,193.01,201.41,201.41,6624000
29/03/2022,198.95,206.79,194.05,204.53,204.53,4811500
30/03/2022,201.29,206.33,194.76,196.7,196.7,3775900
31/03/2022,197.25,198.08,189.56,189.86,189.86,2999200
01/04/2022,189.86,191.87,184.39,186.96,186.96,2975900
04/04/2022,187.34,193.07,186.16,191.65,191.65,2488800
05/04/2022,189.76,191.33,176.26,177.17,177.17,5012800
06/04/2022,172.83,174.33,165.01,166.84,166.84,4675300
07/04/2022,166.71,169.42,160.68,166.19,166.19,3093600
08/04/2022,165.21,166.0,160.13,160.94,160.94,2951000
11/04/2022,156.57,157.56,151.73,153.87,153.87,4305800
12/04/2022,158.07,162.44,149.41,149.85,149.85,4654400
13/04/2022,149.03,156.16,147.8,154.79,154.79,3740500
14/04/2022,153.54,154.0,146.82,147.29,147.29,4082200
18/04/2022,145.45,149.5,140.53,145.16,145.16,4668700
19/04/2022,146.02,152.1,144.45,151.27,151.27,2916000
20/04/2022,154.93,154.96,144.85,147.13,147.13,3486000
21/04/2022,151.97,153.44,135.31,137.32,137.32,6252900
22/04/2022,137.29,141.2,131.25,131.52,131.52,5162200
25/04/2022,130.01,137.35,129.29,135.14,135.14,4066500
26/04/2022,135.31,136.77,126.52,127.15,127.15,3717600
27/04/2022,125.28,130.71,121.98,122.55,122.55,4658500
28/04/2022,123.69,126.39,113.32,122.69,122.69,8070900
29/04/2022,121.1,129.09,112.14,112.71,112.71,5760900
02/05/2022,113.07,122.29,111.8,121.34,121.34,6229400
03/05/2022,120.23,129.4,119.97,123.56,123.56,5053200
04/05/2022,124.0,132.81,116.2,130.15,130.15,6492800
05/05/2022,125.0,125.64,112.05,114.25,114.25,7324400
06/05/2022,112.5,112.5,100.25,103.74,103.74,9026500
09/05/2022,96.0,96.43,81.78,83.51,83.51,16845400
10/05/2022,87.0,89.38,70.19,72.99,72.99,31780000
11/05/2022,54.85,61.28,50.15,53.72,53.72,67080200
12/05/2022,48.54,60.3,40.83,58.5,58.5,58789000
13/05/2022,69.26,74.25,65.5,67.87,67.87,38264800
16/05/2022,68.06,68.08,60.51,61.7,61.7,18685900
17/05/2022,66.2,70.5,63.11,70.0,70.0,15868000
18/05/2022,67.69,71.81,61.94,63.03,63.03,17422700
19/05/2022,65.0,70.99,63.61,67.42,67.42,15410100
20/05/2022,69.37,70.74,62.05,66.15,66.15,15166300
23/05/2022,65.54,68.65,62.35,66.1,66.1,12055700
24/05/2022,64.56,64.56,59.12,61.36,61.36,10714900
25/05/2022,61.07,68.5,60.99,67.17,67.17,11062000
26/05/2022,63.97,71.17,62.3,69.87,69.87,12000200
27/05/2022,69.84,77.18,69.84,75.32,75.32,14112800
31/05/2022,80.0,83.32,75.6,78.1,78.1,22623200
01/06/2022,77.5,77.8,67.8,68.63,68.63,14608500
02/06/2022,67.8,74.48,67.28,73.82,73.82,8607200
03/06/2022,69.39,70.5,65.61,66.69,66.69,10213600
06/06/2022,70.76,74.11,68.43,70.67,70.67,9352400
07/06/2022,67.31,69.97,64.36,69.57,69.57,8485100
08/06/2022,69.23,72.98,68.3,69.2,69.2,6276600
09/06/2022,69.08,69.38,63.12,63.76,63.76,9349300
10/06/2022,60.0,61.63,57.77,58.71,58.71,10982600
13/06/2022,46.18,54.3,46.0,52.01,52.01,28961400
14/06/2022,52.5,53.29,48.81,51.58,51.58,17430300
15/06/2022,50.94,56.66,50.45,55.01,55.01,16340100
16/06/2022,52.58,54.43,50.08,51.05,51.05,13157700
17/06/2022,50.12,52.8,49.28,51.22,51.22,11771000
21/06/2022,54.2,60.75,54.1,57.49,57.49,16916200
22/06/2022,53.87,56.75,51.57,51.91,51.91,18947700
23/06/2022,53.6,59.62,51.83,58.88,58.88,15840700
24/06/2022,60.0,64.09,59.33,62.71,62.71,24381400
27/06/2022,59.56,60.45,55.02,55.96,55.96,15201600
28/06/2022,56.26,57.25,50.33,51.18,51.18,10253500
29/06/2022,50.5,51.46,48.59,49.75,49.75,9776200
30/06/2022,48.2,48.4,44.15,47.02,47.02,12934400
01/07/2022,47.99,50.16,47.52,49.04,49.04,8556500
05/07/2022,48.13,55.82,45.95,55.41,55.41,13087900
06/07/2022,54.17,56.27,51.4,51.71,51.71,11881900
07/07/2022,52.14,57.65,52.14,57.46,57.46,12318500
08/07/2022,55.61,63.7,54.51,60.29,60.29,17950500
11/07/2022,57.54,58.43,53.3,53.88,53.88,10705800
12/07/2022,53.7,56.11,52.62,54.24,54.24,8466200
13/07/2022,51.68,54.73,50.4,53.1,53.1,9439900
14/07/2022,52.34,54.71,50.34,53.42,53.42,9682100
15/07/2022,54.35,56.55,51.93,53.79,53.79,10714300
18/07/2022,56.71,63.38,56.69,58.67,58.67,21226200
19/07/2022,60.86,65.98,57.78,65.83,65.83,19210600
20/07/2022,67.08,79.0,67.05,75.27,75.27,34032000
21/07/2022,71.0,76.62,70.28,73.98,73.98,17301200
22/07/2022,76.2,76.57,69.09,70.82,70.82,12013300
25/07/2022,68.93,69.98,66.3,67.07,67.07,8797600
26/07/2022,61.69,62.89,52.63,52.93,52.93,26875800
27/07/2022,54.87,60.61,53.12,58.83,58.83,18230200
28/07/2022,58.24,62.95,55.59,62.25,62.25,13674800
29/07/2022,60.14,64.23,59.77,62.96,62.96,9113800
01/08/2022,61.19,63.62,59.42,62.7,62.7,7361300
02/08/2022,60.91,69.59,60.8,67.23,67.23,12142100
03/08/2022,69.05,82.25,67.61,80.81,80.81,24784200
04/08/2022,106.1,116.3,86.79,88.9,88.9,54342800
05/08/2022,86.58,98.87,86.52,93.05,93.05,24865700
08/08/2022,97.84,103.55,93.81,98.02,98.02,18878700
09/08/2022,93.89,93.89,85.6,87.68,87.68,17411400
10/08/2022,89.98,95.0,88.0,94.14,94.14,23818200
11/08/2022,97.25,98.7,82.31,84.0,84.0,23247300
12/08/2022,85.23,92.48,83.29,90.49,90.49,13755200
15/08/2022,89.11,93.68,88.59,91.97,91.97,11001900
16/08/2022,90.55,95.5,84.24,90.39,90.39,17034400
17/08/2022,87.51,88.64,84.77,85.44,85.44,10697900
18/08/2022,86.33,86.36,81.42,83.47,83.47,7923300
19/08/2022,76.0,78.25,74.01,74.06,74.06,13727900
22/08/2022,70.91,74.94,70.29,71.47,71.47,9082400
23/08/2022,71.95,76.41,70.6,71.18,71.18,9598300
24/08/2022,71.88,74.32,70.71,71.48,71.48,6675500
25/08/2022,71.84,72.45,68.52,71.37,71.37,8563500
26/08/2022,71.71,71.8,65.34,66.74,66.74,9797300
29/08/2022,65.51,69.4,65.46,66.34,66.34,7944100
30/08/2022,67.97,69.45,64.63,67.03,67.03,8293500
31/08/2022,68.7,70.38,66.66,66.8,66.8,6707900
01/09/2022,65.55,65.99,61.91,65.53,65.53,8046600
02/09/2022,67.71,68.14,63.82,65.26,65.26,6392800
06/09/2022,65.56,66.88,62.6,62.78,62.78,7478100
07/09/2022,62.0,68.77,61.83,68.25,68.25,8408400
08/09/2022,66.36,73.33,65.5,73.08,73.08,9241500
09/09/2022,78.2,81.04,75.15,80.87,80.87,15357100
12/09/2022,82.6,84.58,80.6,82.55,82.55,12554900
13/09/2022,75.34,78.09,74.35,75.25,75.25,11235300
14/09/2022,75.3,79.2,74.11,78.7,78.7,10840700
15/09/2022,77.63,82.0,76.63,77.23,77.23,10950100
16/09/2022,75.15,76.37,73.6,74.0,74.0,17089000
19/09/2022,71.88,72.54,67.0,69.93,69.93,13135300
20/09/2022,68.09,69.8,66.17,67.94,67.94,7974500
21/09/2022,68.9,72.24,67.43,67.64,67.64,12344600
22/09/2022,67.4,68.98,62.31,62.94,62.94,11156900
23/09/2022,61.56,63.15,59.43,61.88,61.88,10932900
26/09/2022,62.98,66.33,62.18,62.28,62.28,9562600
27/09/2022,65.29,67.55,61.88,63.05,63.05,11860500
28/09/2022,62.8,67.74,62.76,67.31,67.31,8482700
29/09/2022,64.62,65.03,60.26,61.94,61.94,11492100
30/09/2022,61.25,67.59,61.07,64.49,64.49,10210300
03/10/2022,64.95,67.86,61.92,65.95,65.95,10949200
04/10/2022,69.09,74.63,69.08,74.5,74.5,11881400
05/10/2022,71.8,73.48,69.28,72.97,72.97,9222700
06/10/2022,73.07,76.28,71.34,73.91,73.91,11103700
07/10/2022,70.85,71.1,65.5,67.0,67.0,11427900
10/10/2022,67.58,69.26,65.43,67.04,67.04,7714000
11/10/2022,67.61,72.69,65.03,70.16,70.16,17705600
12/10/2022,69.74,71.85,67.82,69.95,69.95,8998900
13/10/2022,63.66,69.63,61.06,69.26,69.26,18342000
14/10/2022,71.85,73.79,63.38,63.59,63.59,13711600
17/10/2022,66.48,70.95,66.34,69.17,69.17,11263300
18/10/2022,72.9,73.9,65.3,66.21,66.21,13874700
19/10/2022,64.82,66.89,62.55,63.19,63.19,8601100
20/10/2022,63.14,67.43,62.7,63.59,63.59,8938700
21/10/2022,63.4,66.63,61.7,66.38,66.38,9156400
24/10/2022,67.4,68.15,63.68,66.39,66.39,8111700
25/10/2022,67.01,75.4,66.96,75.05,75.05,14446900
26/10/2022,75.28,78.29,73.1,73.81,73.81,14102500
27/10/2022,74.51,75.65,71.51,72.47,72.47,5967600
28/10/2022,72.0,73.72,69.35,72.07,72.07,7372100
31/10/2022,72.37,74.65,66.15,66.25,66.25,10648400
01/11/2022,69.0,69.71,63.13,63.29,63.29,8238200
02/11/2022,63.4,66.21,60.55,60.71,60.71,12700900
03/11/2022,59.4,61.88,55.75,55.8,55.8,14238800
04/11/2022,60.4,63.43,56.4,58.82,58.82,18901400
07/11/2022,60.0,60.99,54.22,56.97,56.97,13659100
08/11/2022,54.5,58.45,47.69,50.83,50.83,61868200
09/11/2022,47.09,49.69,44.62,45.98,45.98,42274200
10/11/2022,51.04,53.93,49.02,50.92,50.92,30695400
11/11/2022,47.5,58.29,46.25,57.46,57.46,30584500
14/11/2022,55.7,55.74,52.6,53.22,53.22,16150900
15/11/2022,55.0,58.0,54.6,55.53,55.53,14805300
16/11/2022,52.83,54.03,48.0,48.83,48.83,24054700
17/11/2022,46.67,49.97,45.18,48.79,48.79,17974700
18/11/2022,48.8,49.0,44.31,45.26,45.26,20287300
21/11/2022,43.6,44.64,40.61,41.23,41.23,22382000
22/11/2022,42.35,44.4,41.61,43.39,43.39,20783100
23/11/2022,43.85,46.17,42.21,45.57,45.57,14665800
25/11/2022,44.76,45.24,43.7,44.28,44.28,6451500
28/11/2022,43.3,44.9,42.02,42.51,42.51,10497900
29/11/2022,42.91,44.65,42.7,43.11,43.11,9090600
30/11/2022,43.71,45.88,41.51,45.73,45.73,15562700
01/12/2022,45.82,47.19,44.44,45.27,45.27,11579400
02/12/2022,43.97,47.7,43.73,47.67,47.67,10372100
05/12/2022,47.98,49.85,45.63,46.0,46.0,11228300
06/12/2022,45.6,46.65,41.73,42.41,42.41,12156100
07/12/2022,41.88,43.2,40.55,41.26,41.26,10824500
08/12/2022,41.56,43.9,40.3,42.81,42.81,9361800
09/12/2022,41.6,42.32,40.15,40.24,40.24,10030200
12/12/2022,39.98,42.65,39.65,42.6,42.6,9962600
13/12/2022,46.01,46.33,38.5,38.69,38.69,20558300
14/12/2022,39.41,41.9,38.82,40.19,40.19,16117600
15/12/2022,38.95,39.6,37.44,37.98,37.98,12013400
16/12/2022,37.4,38.01,34.71,36.6,36.6,18247400
19/12/2022,35.97,36.68,34.51,35.17,35.17,11168300
20/12/2022,34.75,36.86,34.35,34.97,34.97,9833200
21/12/2022,35.31,36.1,34.8,35.15,35.15,6998600
22/12/2022,34.93,35.35,32.95,34.59,34.59,10335700
23/12/2022,34.77,35.98,33.67,35.49,35.49,8222700
27/12/2022,34.5,34.56,32.44,32.65,32.65,10940800
28/12/2022,32.58,33.48,31.83,32.53,32.53,7839700
29/12/2022,33.46,35.33,33.37,34.78,34.78,7675500
30/12/2022,33.96,35.87,33.63,35.39,35.39,8397900
03/01/2023,36.49,36.93,33.37,33.6,33.6,8514300
04/01/2023,34.59,38.5,34.54,37.7,37.7,17737400
05/01/2023,34.71,35.26,32.75,33.53,33.53,16934500
06/01/2023,33.67,33.75,31.55,33.26,33.26,15527800
09/01/2023,35.19,39.38,34.72,38.27,38.27,18904100
10/01/2023,37.76,43.29,37.74,43.23,43.23,24496700
11/01/2023,41.96,43.84,40.63,43.79,43.79,16152700
12/01/2023,45.15,47.65,41.67,47.55,47.55,20514700
13/01/2023,46.24,50.63,45.38,49.98,49.98,22437800
17/01/2023,53.31,54.98,50.7,54.14,54.14,23521200
18/01/2023,54.22,57.33,50.0,50.21,50.21,24905700
19/01/2023,49.21,51.0,47.92,49.42,49.42,14073300
20/01/2023,50.38,55.19,48.8,55.16,55.16,15433900
23/01/2023,55.0,56.69,53.21,55.96,55.96,17736400
24/01/2023,54.2,56.47,53.34,53.56,53.56,12413900
25/01/2023,51.5,53.41,49.6,52.76,52.76,13343600
26/01/2023,56.06,56.1,51.97,53.02,53.02,12614900
27/01/2023,52.94,62.29,52.41,61.37,61.37,24431000
30/01/2023,60.01,61.86,55.67,56.16,56.16,14553900
31/01/2023,57.7,60.44,55.91,58.48,58.48,14751600
01/02/2023,59.08,66.22,56.65,65.7,65.7,18840800
02/02/2023,68.46,85.54,68.31,81.46,81.46,43911200
03/02/2023,73.72,87.63,73.02,74.63,74.63,37125500
06/02/2023,73.18,75.98,70.52,74.59,74.59,17998400
07/02/2023,73.43,73.48,67.3,71.42,71.42,19819700
08/02/2023,70.83,73.97,68.3,69.44,69.44,11626500
09/02/2023,68.49,68.93,59.0,59.63,59.63,23920200
10/02/2023,58.26,61.74,55.97,57.09,57.09,17359900
13/02/2023,55.52,57.09,53.66,56.4,56.4,14435900
14/02/2023,56.33,61.08,55.03,59.03,59.03,23945800
15/02/2023,60.21,69.46,59.46,69.34,69.34,25552900
16/02/2023,65.9,73.3,63.91,65.59,65.59,31704800
17/02/2023,64.94,67.9,61.51,65.2,65.2,23252200
21/02/2023,63.32,66.87,61.85,62.07,62.07,19845700
22/02/2023,62.5,67.48,57.35,61.18,61.18,32937500
23/02/2023,63.96,64.65,59.89,62.36,62.36,16698500
24/02/2023,60.88,61.59,56.8,58.44,58.44,14546200
27/02/2023,59.94,60.97,58.17,58.96,58.96,13043000
28/02/2023,59.68,67.5,59.42,64.83,64.83,24843900
01/03/2023,65.3,66.79,63.09,64.67,64.67,15827100
02/03/2023,61.07,63.9,57.5,63.7,63.7,18091700
03/03/2023,61.64,65.56,61.38,64.51,64.51,17579000
06/03/2023,64.6,69.82,62.64,62.77,62.77,19826100
07/03/2023,62.8,64.66,60.59,61.89,61.89,15821500
08/03/2023,61.2,65.46,60.35,63.01,63.01,15427800
09/03/2023,62.39,64.12,57.21,58.09,58.09,20996600
10/03/2023,56.39,56.41,51.57,53.44,53.44,25743800
13/03/2023,54.71,61.1,50.77,59.17,59.17,31431900
14/03/2023,65.45,66.21,61.1,62.65,62.65,25167800
15/03/2023,61.9,66.29,61.18,64.47,64.47,20825700
16/03/2023,64.4,68.62,63.12,67.78,67.78,15474500
17/03/2023,70.52,76.8,69.1,74.98,74.98,31006200
20/03/2023,76.76,77.06,72.87,75.14,75.14,19026400
21/03/2023,76.24,85.05,75.77,83.99,83.99,22991900
22/03/2023,84.25,85.38,76.86,77.14,77.14,24463200
23/03/2023,61.85,70.0,61.51,66.3,66.3,43152800
24/03/2023,64.18,68.73,63.53,67.83,67.83,21614100
27/03/2023,67.2,67.6,60.51,62.54,62.54,23531300
28/03/2023,62.32,64.05,61.11,63.04,63.04,11635900
29/03/2023,65.42,68.63,63.77,65.3,65.3,17673800
30/03/2023,66.53,67.17,63.68,64.16,64.16,11563100
31/03/2023,64.7,68.57,63.93,67.57,67.57,15926600
03/04/2023,66.01,68.33,62.7,63.61,63.61,14040300
04/04/2023,64.66,65.4,60.95,62.54,62.54,11654400
05/04/2023,62.54,63.05,59.22,60.78,60.78,10788900
06/04/2023,59.57,62.74,58.2,61.44,61.44,11875200
10/04/2023,61.37,66.19,59.66,66.13,66.13,14391800
11/04/2023,68.09,72.61,67.24,70.19,70.19,25348800
12/04/2023,70.77,72.02,66.23,67.84,67.84,16773400
13/04/2023,69.89,72.53,68.05,68.95,68.95,19718500
14/04/2023,69.3,71.7,67.87,69.91,69.91,12887200
17/04/2023,67.12,68.05,64.9,67.72,67.72,13344200
18/04/2023,70.39,71.79,66.55,67.26,67.26,14835500
19/04/2023,64.36,65.94,63.4,64.44,64.44,10327000
20/04/2023,63.23,65.33,60.17,60.5,60.5,11452900
21/04/2023,61.08,61.45,58.71,59.04,59.04,13235100
24/04/2023,58.96,59.09,54.08,54.75,54.75,21135700
25/04/2023,55.71,56.09,53.62,55.55,55.55,14383300
26/04/2023,59.51,59.51,53.6,53.89,53.89,16761200
27/04/2023,54.67,55.72,53.58,54.17,54.17,12010900
28/04/2023,53.65,54.52,52.17,53.79,53.79,11629800
01/05/2023,53.17,54.38,48.45,50.14,50.14,18437900
02/05/2023,50.2,52.14,48.26,51.32,51.32,16778400
03/05/2023,50.15,51.6,48.31,48.49,48.49,13325600
04/05/2023,48.72,50.47,47.65,49.22,49.22,13044400
05/05/2023,54.05,58.58,53.75,58.24,58.24,25551700
08/05/2023,55.9,58.8,54.61,58.1,58.1,15259400
09/05/2023,57.9,60.24,56.59,60.21,60.21,9641200
10/05/2023,61.45,63.75,59.89,62.64,62.64,15481300
11/05/2023,62.41,63.11,59.77,60.35,60.35,8843500
12/05/2023,60.89,61.13,56.77,57.34,57.34,9096200
15/05/2023,58.4,61.3,57.2,60.77,60.77,9429300
16/05/2023,58.68,60.11,57.14,57.88,57.88,7867900
17/05/2023,57.49,61.31,57.3,61.04,61.04,8998400
18/05/2023,60.47,61.7,58.6,60.26,60.26,8330300
19/05/2023,60.57,61.47,56.59,56.78,56.78,12474800
22/05/2023,56.89,61.1,55.9,61.07,61.07,12683400
23/05/2023,61.0,63.25,58.67,59.1,59.1,12208200
24/05/2023,57.78,58.97,56.6,58.36,58.36,8198300
25/05/2023,58.56,59.14,55.88,56.87,56.87,7997400
26/05/2023,56.86,58.91,56.63,56.92,56.92,7788100
30/05/2023,60.1,63.38,59.23,61.17,61.17,14814200
31/05/2023,59.3,62.59,59.21,62.2,62.2,10112600
01/06/2023,61.8,66.36,60.67,63.57,63.57,11729000
02/06/2023,65.11,65.22,62.0,64.55,64.55,8599200
05/06/2023,63.38,64.44,55.81,58.71,58.71,26413200
06/06/2023,47.1,52.38,46.43,51.61,51.61,56259900
07/06/2023,53.29,54.0,51.7,53.26,53.26,18905500
08/06/2023,52.21,55.05,51.96,54.9,54.9,12773600
09/06/2023,55.0,57.42,52.48,53.28,53.28,14365000
12/06/2023,52.53,52.93,50.1,50.56,50.56,12447200
13/06/2023,51.8,52.66,50.52,52.4,52.4,11560800
14/06/2023,52.81,54.79,51.56,53.9,53.9,11241200
15/06/2023,52.71,54.58,50.93,54.25,54.25,11801700
16/06/2023,55.41,56.28,53.9,55.59,55.59,13726100
20/06/2023,55.9,57.94,53.63,57.09,57.09,14143500
21/06/2023,58.9,59.24,56.82,58.1,58.1,20569700
22/06/2023,58.98,59.28,55.1,57.49,57.49,12837400
23/06/2023,56.85,61.89,55.75,61.47,61.47,26042300
26/06/2023,61.1,66.16,61.0,61.94,61.94,20724100
27/06/2023,63.8,70.37,62.84,69.89,69.89,25447400
28/06/2023,69.0,74.31,69.0,70.75,70.75,23086200
29/06/2023,72.03,74.18,70.83,72.43,72.43,14730500
30/06/2023,73.8,74.97,68.15,71.55,71.55,24558900
03/07/2023,73.2,80.85,73.01,79.93,79.93,19891700
05/07/2023,76.9,79.93,76.16,78.35,78.35,14670000
06/07/2023,78.05,78.46,74.52,78.1,78.1,11110400
07/07/2023,78.15,81.19,77.62,78.72,78.72,13254500
10/07/2023,79.08,81.37,76.55,81.21,81.21,10739700
11/07/2023,80.49,92.15,80.49,89.15,89.15,35672100
12/07/2023,89.0,89.07,84.45,85.95,85.95,16752300
13/07/2023,85.35,109.21,83.42,107.0,107.0,65424400
14/07/2023,106.68,114.43,101.22,105.31,105.31,42087400
17/07/2023,104.57,109.48,103.5,105.55,105.55,19191400
18/07/2023,104.5,109.85,101.9,104.59,104.59,17582100
19/07/2023,107.31,111.06,105.08,110.15,110.15,15920800
20/07/2023,109.26,111.88,100.37,101.26,101.26,15274600
21/07/2023,102.57,104.33,98.71,100.82,100.82,10464800
24/07/2023,99.23,100.39,95.7,98.85,98.85,9755700
25/07/2023,99.34,102.59,97.63,97.68,97.68,7726000
26/07/2023,97.37,101.32,97.28,99.75,99.75,6575800
27/07/2023,102.59,102.73,91.8,92.69,92.69,12232300
28/07/2023,94.8,96.92,93.55,94.76,94.76,7228000
31/07/2023,94.75,100.2,94.59,98.61,98.61,8493000
01/08/2023,95.88,95.95,89.23,94.15,94.15,11543600
02/08/2023,91.45,95.41,88.05,90.43,90.43,10666200
03/08/2023,89.0,93.44,88.46,90.75,90.75,10297200
04/08/2023,89.0,94.29,86.7,87.31,87.31,13187100
07/08/2023,87.2,87.3,82.09,85.96,85.96,10019500
08/08/2023,87.09,88.99,84.55,88.04,88.04,8986900
09/08/2023,88.53,88.9,84.08,84.34,84.34,7987100
10/08/2023,85.0,88.49,82.51,83.39,83.39,7697600
11/08/2023,82.06,83.48,80.47,81.01,81.01,5760100
14/08/2023,80.04,81.99,78.91,80.81,80.81,5753500
15/08/2023,81.15,83.1,79.11,79.18,79.18,7397300
16/08/2023,82.51,82.85,77.8,79.0,79.0,10140200
17/08/2023,78.38,79.18,75.4,75.56,75.56,9261600
18/08/2023,72.34,75.25,72.25,73.19,73.19,9928200
21/08/2023,73.25,76.03,72.1,75.28,75.28,7514900
22/08/2023,76.69,77.46,74.02,74.9,74.9,6336000
23/08/2023,74.35,78.17,74.07,77.78,77.78,6460900
24/08/2023,77.76,78.04,73.38,73.66,73.66,5585700
25/08/2023,74.32,75.59,72.41,74.26,74.26,5136800
28/08/2023,74.57,74.71,73.05,73.71,73.71,4043800
29/08/2023,73.5,86.26,73.17,84.7,84.7,24067300
30/08/2023,83.56,86.5,82.57,83.83,83.83,9448000
31/08/2023,84.43,84.57,78.9,79.6,79.6,8466400
01/09/2023,80.0,80.35,77.15,77.99,77.99,6662800
05/09/2023,78.0,79.29,76.28,77.5,77.5,4949000
06/09/2023,77.38,79.97,76.75,78.04,78.04,6636200
07/09/2023,76.27,82.07,75.46,81.79,81.79,6424000
08/09/2023,81.64,82.69,80.35,82.09,82.09,5680600
11/09/2023,82.0,83.2,77.79,80.62,80.62,7220700
12/09/2023,82.02,86.36,80.54,81.32,81.32,10519300
13/09/2023,81.89,83.15,79.62,79.86,79.86,5925700
14/09/2023,81.67,84.1,81.26,83.45,83.45,7145100
15/09/2023,82.74,83.32,79.95,82.15,82.15,6254500
18/09/2023,83.8,84.35,81.22,81.61,81.61,6246700
19/09/2023,82.15,82.4,77.77,78.13,78.13,7567400
20/09/2023,78.62,80.59,76.56,76.67,76.67,5459200
21/09/2023,74.38,75.19,72.86,74.42,74.42,6534800
22/09/2023,75.49,75.95,70.81,70.96,70.96,6321600
25/09/2023,69.91,72.36,69.63,71.75,71.75,5057500
26/09/2023,71.74,73.09,69.71,70.52,70.52,5168200
27/09/2023,72.72,73.48,69.95,71.52,71.52,5324600
28/09/2023,72.59,77.13,71.51,75.16,75.16,8252400
29/09/2023,76.75,77.5,74.57,75.08,75.08,5736100
02/10/2023,78.55,79.95,74.4,75.31,75.31,9709300
03/10/2023,74.34,75.65,71.75,72.48,72.48,5815500
04/10/2023,73.2,74.11,70.41,73.47,73.47,7613700
05/10/2023,73.53,75.48,72.1,74.62,74.62,6229300
06/10/2023,72.47,78.95,72.32,78.46,78.46,7923900
09/10/2023,76.54,80.06,76.5,79.1,79.1,5631300
10/10/2023,79.0,82.07,77.97,79.62,79.62,5645100
11/10/2023,79.27,80.49,75.6,77.35,77.35,6474100
12/10/2023,77.04,77.18,74.45,75.19,75.19,5338600
13/10/2023,75.0,75.19,72.1,73.43,73.43,6148400
16/10/2023,77.61,79.3,73.36,75.21,75.21,12608600
17/10/2023,74.8,79.12,74.5,77.46,77.46,7459500
18/10/2023,76.88,78.38,73.78,73.93,73.93,5123400
19/10/2023,74.28,76.17,72.72,73.1,73.1,5391200
20/10/2023,74.64,76.76,73.5,74.66,74.66,8414400
23/10/2023,75.5,80.73,72.42,77.21,77.21,13635700
24/10/2023,83.29,89.4,80.89,82.07,82.07,23689500
25/10/2023,83.51,84.09,77.4,77.79,77.79,13773200
26/10/2023,77.2,79.16,73.15,74.61,74.61,8294500
27/10/2023,76.45,76.5,70.42,70.78,70.78,9010600
30/10/2023,72.05,74.08,71.88,73.6,73.6,6454600
31/10/2023,73.6,77.47,73.56,77.12,77.12,6334600
01/11/2023,77.42,79.41,75.87,77.81,77.81,6878600
02/11/2023,81.71,84.8,80.81,84.6,84.6,12596200
03/11/2023,83.79,88.34,82.05,85.8,85.8,12166900
06/11/2023,86.82,89.27,84.09,86.37,86.37,9881900
07/11/2023,86.2,89.49,84.3,89.07,89.07,6762300
08/11/2023,88.8,89.15,84.69,88.32,88.32,7286000
09/11/2023,92.9,99.82,91.37,92.86,92.86,20941400
10/11/2023,94.4,96.22,91.8,92.92,92.92,9827900
13/11/2023,91.78,93.27,88.62,92.64,92.64,8860400
14/11/2023,94.91,95.32,89.79,92.09,92.09,10137700
15/11/2023,93.92,100.15,93.07,98.15,98.15,11968900
16/11/2023,97.68,97.89,94.45,96.92,96.92,7073800
17/11/2023,97.0,99.43,94.9,99.05,99.05,7361800
20/11/2023,100.71,106.46,100.01,106.1,106.1,10962900
21/11/2023,104.0,106.06,101.34,105.49,105.49,9348200
22/11/2023,106.17,109.99,103.36,109.25,109.25,10340100
24/11/2023,108.45,116.94,107.98,115.54,115.54,11654600
27/11/2023,112.58,121.46,112.18,119.77,119.77,14205900
28/11/2023,122.05,129.26,119.7,128.27,128.27,17639100
29/11/2023,127.82,131.42,126.3,127.82,127.82,13908800
30/11/2023,126.06,127.14,118.4,124.72,124.72,14074000
01/12/2023,126.39,134.33,125.88,133.76,133.76,13668300
04/12/2023,143.53,146.3,137.6,141.09,141.09,21561900
05/12/2023,140.0,147.86,139.18,140.2,140.2,18303400
06/12/2023,142.5,143.44,134.12,134.63,134.63,12584400
07/12/2023,131.02,138.48,130.17,136.19,136.19,9795700
08/12/2023,136.19,146.74,135.85,146.62,146.62,11969900
11/12/2023,141.5,142.87,135.99,138.02,138.02,12160400
12/12/2023,139.89,141.75,135.99,139.62,139.62,8303500
13/12/2023,139.62,150.65,137.15,150.46,150.46,12514900
14/12/2023,152.1,154.74,149.1,153.63,153.63,12095100
15/12/2023,151.81,151.92,146.84,147.9,147.9,11258600
18/12/2023,144.81,155.01,144.0,153.43,153.43,9959900
19/12/2023,155.5,162.09,153.61,161.16,161.16,13906800
20/12/2023,164.73,169.48,160.07,161.86,161.86,16021900
21/12/2023,166.71,170.17,163.1,168.03,168.03,12081500
22/12/2023,169.77,178.7,167.9,175.48,175.48,15788000
26/12/2023,174.8,178.12,169.05,172.05,172.05,12544800
27/12/2023,176.32,186.97,175.5,185.24,185.24,15569900
28/12/2023,179.31,187.39,177.75,186.36,186.36,17276300
29/12/2023,186.06,187.25,171.0,173.92,173.92,19671200
02/01/2024,173.02,175.57,155.35,156.88,156.88,26549400
03/01/2024,146.0,156.25,144.11,152.24,152.24,18573800
04/01/2024,152.5,161.28,148.81,155.6,155.6,14874300
05/01/2024,152.67,157.69,151.09,153.98,153.98,10848900
08/01/2024,157.8,161.38,146.51,159.42,159.42,18125700
09/01/2024,159.6,159.99,151.32,151.99,151.99,12959700
10/01/2024,149.21,153.47,143.15,151.29,151.29,18718200
11/01/2024,159.19,161.04,140.01,141.16,141.16,31754200
12/01/2024,137.19,141.07,130.37,130.78,130.78,20314600
16/01/2024,129.44,136.4,126.88,133.88,133.88,14789700
17/01/2024,130.51,134.26,129.41,133.86,133.86,8133100
18/01/2024,133.25,137.31,123.93,124.34,124.34,14519500
19/01/2024,124.34,124.82,118.02,124.75,124.75,16659700
22/01/2024,124.05,131.78,122.5,128.21,128.21,12042600
23/01/2024,122.41,126.15,120.33,124.19,124.19,9737100
24/01/2024,127.28,127.97,120.79,121.34,121.34,9118900
25/01/2024,122.38,124.26,118.92,121.01,121.01,8166400
26/01/2024,127.52,128.1,121.46,125.2,125.2,13956300
29/01/2024,127.09,136.89,125.8,132.82,132.82,17813700
30/01/2024,136.05,136.7,130.44,130.82,130.82,8745700
31/01/2024,129.09,135.55,127.57,128.2,128.2,9838800
01/02/2024,128.75,132.07,124.24,128.95,128.95,8464300
02/02/2024,126.9,130.13,125.55,129.22,129.22,6086000
05/02/2024,128.7,128.89,115.8,117.3,117.3,13067300
06/02/2024,118.61,120.9,115.9,119.79,119.79,6740600
07/02/2024,119.68,124.4,114.51,122.07,122.07,8985100
08/02/2024,127.22,133.05,125.81,132.55,132.55,11315900
09/02/2024,142.16,144.55,137.17,141.99,141.99,15985100
12/02/2024,141.1,150.35,140.99,147.31,147.31,10977100
13/02/2024,138.39,143.75,137.13,140.39,140.39,9568800
14/02/2024,151.83,161.13,150.4,160.38,160.38,18041800
15/02/2024,168.79,172.82,162.08,165.67,165.67,22992800
16/02/2024,189.05,193.64,178.8,180.31,180.31,33172400
20/02/2024,179.87,181.31,163.39,173.3,173.3,16196500
21/02/2024,164.25,168.09,161.19,162.41,162.41,10689600
22/02/2024,164.85,171.99,163.8,170.91,170.91,9027300
23/02/2024,167.38,170.0,160.66,165.98,165.98,7191200
26/02/2024,168.66,196.95,168.4,193.94,193.94,22593700
27/02/2024,205.18,209.94,192.09,199.22,199.22,22679100
28/02/2024,209.41,212.22,197.66,200.8,200.8,25397100
29/02/2024,206.46,211.31,193.88,203.56,203.56,16237800
01/03/2024,202.7,206.39,196.01,205.77,205.77,9251200
04/03/2024,217.39,236.46,212.25,229.15,229.15,23294900
05/03/2024,230.0,239.98,215.4,216.77,216.77,23863300
06/03/2024,229.2,239.9,223.03,238.55,238.55,17936700
07/03/2024,240.0,242.87,235.5,242.62,242.62,10553700
08/03/2024,246.0,270.55,244.9,256.62,256.62,21838300
11/03/2024,270.08,271.65,253.96,254.17,254.17,20296400
12/03/2024,257.83,260.79,242.09,256.14,256.14,14666200
13/03/2024,253.36,269.39,250.53,251.73,251.73,17329800
14/03/2024,245.0,248.27,227.24,233.67,233.67,18789300
15/03/2024,225.06,244.65,222.83,242.36,242.36,17219000
18/03/2024,238.61,244.05,230.21,239.62,239.62,9734500
19/03/2024,223.24,233.29,216.16,230.12,230.12,12928500
20/03/2024,231.38,256.96,228.8,256.88,256.88,13834300
21/03/2024,260.24,276.38,256.27,262.0,262.0,16199900
22/03/2024,254.24,260.72,249.55,255.51,255.51,9806500
25/03/2024,261.0,283.48,260.25,279.71,279.71,13941700
26/03/2024,280.12,280.83,266.69,266.81,266.81,10316200
27/03/2024,276.22,276.61,253.95,256.7,256.7,11092600
28/03/2024,260.21,270.79,257.91,265.12,265.12,11201600
01/04/2024,261.87,268.81,249.22,252.11,252.11,10010700
02/04/2024,238.1,248.13,235.99,245.84,245.84,8817600
03/04/2024,244.04,256.0,243.0,251.58,251.58,6670200
04/04/2024,260.15,261.5,249.46,249.61,249.61,8098300
05/04/2024,244.91,253.96,240.2,240.9,240.9,8423700
08/04/2024,252.86,261.63,249.68,256.99,256.99,10042200
09/04/2024,253.23,254.55,241.1,242.95,242.95,7824700
10/04/2024,238.24,251.27,234.12,250.99,250.99,8416000
11/04/2024,250.99,264.3,247.31,263.01,263.01,8655100
12/04/2024,259.42,259.97,244.31,245.75,245.75,8951800
15/04/2024,247.94,249.74,222.14,223.41,223.41,11239800
16/04/2024,223.0,223.0,205.67,218.83,218.83,16472100
17/04/2024,222.04,224.87,205.9,213.78,213.78,9440200
18/04/2024,215.57,228.05,213.25,218.08,218.08,9403900
19/04/2024,223.83,227.76,210.18,211.01,211.01,9269900
22/04/2024,216.79,227.14,215.03,225.86,225.86,8207000
23/04/2024,223.62,238.67,223.61,236.43,236.43,7338400
24/04/2024,236.83,239.0,223.87,224.37,224.37,6737400
25/04/2024,216.05,225.94,213.64,223.61,223.61,5143500
26/04/2024,220.77,237.02,218.66,236.32,236.32,6044900
29/04/2024,229.94,230.32,216.54,218.16,218.16,9576100
30/04/2024,214.35,216.57,202.59,203.93,203.93,9127900
01/05/2024,199.0,218.52,198.2,210.09,210.09,10191500
02/05/2024,216.48,232.71,210.76,228.85,228.85,12454200
03/05/2024,230.9,232.25,216.55,223.25,223.25,13739100
06/05/2024,225.84,235.8,224.9,226.93,226.93,9690600
07/05/2024,226.94,230.82,214.12,214.34,214.34,8169600
08/05/2024,209.5,214.9,206.53,211.2,211.2,4615400
09/05/2024,210.22,213.85,205.11,210.45,210.45,4649700
10/05/2024,214.5,214.87,200.5,200.92,200.92,7423500
13/05/2024,204.0,206.67,197.64,199.51,199.51,7542200
14/05/2024,195.96,206.97,194.93,203.05,203.05,5356000
15/05/2024,212.21,221.4,207.7,219.91,219.91,9339300
16/05/2024,215.0,216.45,198.64,199.17,199.17,12185500
17/05/2024,205.66,210.67,199.83,207.6,207.6,8688600
20/05/2024,207.96,226.26,203.72,225.19,225.19,11223300
21/05/2024,231.97,233.65,220.12,225.78,225.78,10704500
22/05/2024,225.01,238.77,221.21,231.51,231.51,8933700
23/05/2024,233.81,234.32,217.66,218.86,218.86,9428300
24/05/2024,221.0,237.79,220.05,237.65,237.65,10229200
28/05/2024,235.45,247.13,231.05,245.0,245.0,10843100
29/05/2024,239.02,240.49,233.18,236.65,236.65,6802000
30/05/2024,241.1,248.86,233.38,234.76,234.76,9349200
31/05/2024,239.28,240.41,219.17,225.92,225.92,10123100
03/06/2024,232.5,239.2,224.69,231.39,231.39,7333100
04/06/2024,230.23,247.2,230.16,244.2,244.2,10854300
05/06/2024,246.86,251.89,240.7,251.4,251.4,9383500
06/06/2024,250.0,263.8,248.75,257.08,257.08,9494600
07/06/2024,256.19,263.18,243.86,244.16,244.16,9315300
10/06/2024,241.11,253.43,239.53,249.81,249.81,6344800
11/06/2024,242.93,245.66,234.09,244.2,244.2,8991300
12/06/2024,251.8,263.26,250.58,254.96,254.96,11134700
13/06/2024,253.77,257.13,243.26,247.64,247.64,8666200
14/06/2024,246.16,250.25,237.06,244.5,244.5,7146500
17/06/2024,239.87,248.64,234.23,245.1,245.1,6662900
18/06/2024,238.25,242.8,234.6,235.95,235.95,6198900
20/06/2024,237.36,240.49,228.44,235.03,235.03,6888900
21/06/2024,227.0,228.25,220.71,225.86,225.86,11385800
24/06/2024,217.22,221.44,207.71,212.31,212.31,10762000
25/06/2024,217.0,222.88,213.22,221.71,221.71,8067100
26/06/2024,220.0,223.73,212.46,214.58,214.58,6574900
27/06/2024,217.6,225.76,216.32,224.0,224.0,5641200
28/06/2024,223.95,225.53,218.8,222.23,222.23,10944900
01/07/2024,226.0,236.04,224.04,233.37,233.37,7739800
02/07/2024,231.34,234.97,226.32,227.51,227.51,4407000
03/07/2024,223.81,227.11,222.22,224.94,224.94,3241700
05/07/2024,213.48,225.13,209.45,223.68,223.68,10148500
08/07/2024,226.51,226.51,217.75,220.56,220.56,5615200
09/07/2024,223.55,225.64,218.68,219.97,219.97,5344900
10/07/2024,221.64,223.33,215.14,219.56,219.56,4481900
11/07/2024,224.37,227.15,213.57,214.63,214.63,7037900
12/07/2024,215.34,222.15,214.57,218.02,218.02,4949000
15/07/2024,229.38,247.5,228.0,242.85,242.85,14439500
16/07/2024,243.19,252.12,234.2,251.49,251.49,10270700
17/07/2024,245.9,255.9,241.31,249.1,249.1,8883300
18/07/2024,251.21,253.87,230.57,233.24,233.24,8848500
19/07/2024,235.1,259.8,233.5,257.79,257.79,12501900
22/07/2024,260.47,266.0,252.84,265.15,265.15,11282200
23/07/2024,263.6,272.55,257.29,257.63,257.63,9275600
24/07/2024,261.0,265.0,243.75,245.06,245.06,8141100
25/07/2024,239.26,241.64,226.3,231.52,231.52,8482500
26/07/2024,243.34,249.16,237.56,242.93,242.93,7917400
29/07/2024,251.55,255.42,234.0,234.2,234.2,9467700
30/07/2024,235.62,239.0,223.03,224.46,224.46,6053900
31/07/2024,233.0,234.11,224.04,224.36,224.36,4771700
01/08/2024,226.6,227.1,207.82,212.64,212.64,8920000
02/08/2024,213.12,219.3,199.38,204.44,204.44,10063900
05/08/2024,162.01,197.88,161.13,189.47,189.47,18734600
06/08/2024,191.99,197.4,182.7,194.17,194.17,7050600
07/08/2024,196.8,199.95,177.39,178.91,178.91,8324400
08/08/2024,185.67,194.98,182.46,192.32,192.32,7421600
09/08/2024,191.29,199.1,189.78,196.29,196.29,5255900
12/08/2024,194.3,197.69,188.29,191.74,191.74,5742800
13/08/2024,193.13,201.1,191.87,197.94,197.94,4795500
14/08/2024,200.9,201.97,192.4,195.96,195.96,5027000
15/08/2024,198.52,205.07,196.2,197.12,197.12,6068300
16/08/2024,199.0,205.95,197.14,205.31,205.31,6240500
19/08/2024,203.34,207.49,200.35,204.46,204.46,6304200
20/08/2024,209.1,209.8,191.21,197.25,197.25,12353700
21/08/2024,197.16,207.0,195.11,206.23,206.23,7502400
22/08/2024,204.78,207.1,197.43,198.43,198.43,5284900
23/08/2024,200.97,211.92,200.0,211.4,211.4,8304200
26/08/2024,209.3,210.85,202.68,204.0,204.0,5437100
27/08/2024,201.84,202.5,194.1,198.3,198.3,5992900
28/08/2024,195.02,197.49,187.73,190.2,190.2,4995700
29/08/2024,194.0,196.5,187.6,188.28,188.28,3841800
30/08/2024,189.22,189.94,180.04,183.36,183.36,7307200
03/09/2024,182.0,182.7,168.07,169.13,169.13,9746600
04/09/2024,166.5,169.04,160.67,163.22,163.22,7826400
05/09/2024,161.62,166.37,158.12,159.7,159.7,5732700
06/09/2024,163.24,164.15,146.12,147.35,147.35,11026600
09/09/2024,151.27,157.4,150.06,155.05,155.05,9256700
10/09/2024,155.01,159.14,149.51,158.46,158.46,5824800
11/09/2024,153.56,158.84,149.95,157.15,157.15,6417400
12/09/2024,158.61,165.43,156.1,162.89,162.89,6697200
13/09/2024,162.24,168.93,161.58,163.05,163.05,5953600
16/09/2024,158.5,163.16,155.88,161.5,161.5,4686200
17/09/2024,164.14,167.67,160.5,162.45,162.45,5225200
