Date,Open,High,Low,Close,Adj Close,Volume
13/03/2019,38.6,39.3,38.0,39.2,36.11,306000
14/03/2019,39.5,40.65,39.32,39.96,36.81,279700
15/03/2019,40.55,41.05,40.5,41.02,37.79,164200
18/03/2019,41.73,41.73,40.47,40.86,37.64,581700
19/03/2019,41.4,41.4,39.05,39.55,36.44,2540200
20/03/2019,39.85,39.85,37.46,37.6,34.64,5147900
21/03/2019,38.0,38.91,37.84,38.88,35.82,8865500
22/03/2019,38.76,38.84,36.55,37.46,34.51,4902500
25/03/2019,37.57,37.81,36.35,36.45,33.58,4035100
26/03/2019,36.46,37.35,36.46,36.71,33.82,3350900
27/03/2019,36.75,37.17,36.06,36.2,33.35,2871300
28/03/2019,36.14,36.47,35.55,35.67,32.86,2220600
29/03/2019,35.88,36.17,35.39,35.88,33.06,2679200
01/04/2019,36.17,36.34,35.94,36.15,33.3,4338400
02/04/2019,36.21,36.46,35.21,35.7,32.89,1491200
03/04/2019,35.78,35.89,35.3,35.5,32.71,2831600
04/04/2019,35.56,36.07,35.39,36.03,33.19,2223200
05/04/2019,35.99,37.09,35.94,36.98,34.07,2116200
08/04/2019,36.94,36.94,36.65,36.85,33.95,1929000
09/04/2019,36.81,37.07,36.59,36.89,33.99,1793900
10/04/2019,36.91,37.05,35.86,35.93,33.1,843600
11/04/2019,35.98,36.5,35.53,36.41,33.54,978200
12/04/2019,36.47,37.08,35.92,36.95,34.04,3175200
15/04/2019,36.91,36.99,36.47,36.98,34.07,891200
16/04/2019,37.11,37.28,36.93,37.21,34.28,1869000
17/04/2019,37.18,38.25,37.18,38.21,35.2,2122100
18/04/2019,38.34,38.37,37.92,37.92,34.93,2315200
22/04/2019,37.84,37.88,37.11,37.24,34.31,1665000
23/04/2019,37.22,37.82,37.07,37.6,34.64,5455100
24/04/2019,37.51,37.76,37.33,37.45,34.5,1230800
25/04/2019,37.48,37.68,37.04,37.64,34.68,1422800
26/04/2019,37.8,37.94,37.4,37.91,34.93,2505700
29/04/2019,37.74,38.91,37.69,38.73,35.68,1716800
30/04/2019,38.59,38.78,37.89,38.5,35.47,1810000
01/05/2019,38.66,38.8,38.09,38.74,35.69,1475000
02/05/2019,38.75,38.8,36.5,36.84,33.94,2627700
03/05/2019,36.86,37.26,36.64,37.02,34.11,1229700
06/05/2019,36.72,37.4,36.47,37.31,34.37,1533900
07/05/2019,36.97,37.22,36.58,36.7,33.81,1412300
08/05/2019,36.56,37.08,36.27,36.82,33.92,2108700
09/05/2019,38.08,38.63,36.95,37.97,34.98,3458200
10/05/2019,37.9,38.25,36.98,38.05,35.05,1633500
13/05/2019,37.48,38.15,37.22,37.5,34.55,1598400
14/05/2019,37.54,38.03,37.4,37.48,34.53,1663100
15/05/2019,37.24,37.48,37.13,37.23,34.3,873900
16/05/2019,37.28,37.6,36.28,36.32,33.46,2680000
17/05/2019,36.08,37.07,36.08,36.83,34.15,1084400
20/05/2019,36.54,37.14,36.54,36.68,34.01,996400
21/05/2019,36.82,37.53,36.64,37.18,34.47,1272400
22/05/2019,37.1,37.29,36.62,36.67,34.0,830200
23/05/2019,36.39,36.63,36.18,36.51,33.85,1860100
24/05/2019,36.51,36.76,36.4,36.45,33.79,828100
28/05/2019,36.59,36.95,36.11,36.16,33.53,2384600
29/05/2019,36.0,36.16,35.28,35.3,32.73,1437600
30/05/2019,35.36,35.69,34.69,34.81,32.27,1079700
31/05/2019,34.55,34.81,34.25,34.71,32.18,1736500
03/06/2019,34.61,34.81,33.32,33.78,31.32,2219500
04/06/2019,34.03,34.81,33.75,34.09,31.61,2276200
05/06/2019,34.24,34.57,33.9,34.02,31.54,1346900
06/06/2019,34.01,34.23,33.6,33.74,31.28,1209100
07/06/2019,33.84,34.05,33.66,33.68,31.23,925100
10/06/2019,33.86,34.04,33.56,33.74,31.28,1142800
11/06/2019,33.77,34.04,33.65,33.83,31.37,1201800
12/06/2019,33.81,34.74,33.8,34.7,32.17,2240300
13/06/2019,34.96,35.12,34.6,34.94,32.39,1315400
14/06/2019,34.99,35.16,34.56,34.96,32.41,2414700
17/06/2019,35.18,35.97,35.04,35.8,33.19,2288000
18/06/2019,36.09,36.72,35.71,35.83,33.22,2680900
19/06/2019,35.88,36.08,35.35,35.74,33.14,2011500
20/06/2019,36.15,36.15,35.31,35.35,32.77,1879700
21/06/2019,35.36,37.0,35.04,35.88,33.27,4338300
24/06/2019,35.72,35.79,35.39,35.54,32.95,1621000
25/06/2019,35.45,35.52,34.9,35.19,32.63,1853700
26/06/2019,35.46,35.89,35.16,35.31,32.74,2271900
27/06/2019,35.36,36.12,35.06,35.75,33.15,2880900
28/06/2019,35.89,36.64,35.67,36.53,33.87,4921100
01/07/2019,36.82,36.87,35.72,35.96,33.34,2608800
02/07/2019,35.96,36.57,35.96,36.53,33.87,1431200
03/07/2019,36.7,36.77,36.31,36.35,33.7,918900
05/07/2019,36.28,36.77,36.07,36.56,33.9,1190600
08/07/2019,36.36,36.94,36.05,36.13,33.5,910700
09/07/2019,35.98,36.29,35.79,36.01,33.39,1661300
10/07/2019,36.11,36.41,36.03,36.14,33.51,1177600
11/07/2019,36.13,36.37,35.85,36.31,33.66,1206500
12/07/2019,36.32,37.01,36.32,36.96,34.27,1582900
15/07/2019,37.12,37.21,36.61,37.04,34.34,1344900
16/07/2019,37.08,37.11,36.61,36.69,34.02,1613100
17/07/2019,36.62,36.72,36.09,36.17,33.53,1892200
18/07/2019,36.1,36.76,36.0,36.61,33.94,3001300
19/07/2019,36.71,36.76,36.2,36.45,33.79,1934300
22/07/2019,36.47,36.64,36.28,36.32,33.67,1557800
23/07/2019,36.35,36.75,35.99,36.51,33.85,2003200
24/07/2019,36.46,37.08,36.44,36.89,34.2,1233500
25/07/2019,36.91,37.54,36.9,37.43,34.7,1411800
26/07/2019,37.37,38.03,37.33,37.49,34.76,915600
29/07/2019,37.44,37.84,37.34,37.69,34.94,885800
30/07/2019,37.5,38.06,37.5,37.85,35.09,1825500
31/07/2019,37.7,37.7,36.77,37.2,34.49,1831300
01/08/2019,37.16,37.45,36.69,36.84,34.16,1757900
02/08/2019,36.84,36.85,36.29,36.56,33.9,1113400
05/08/2019,36.28,36.48,35.75,36.0,33.38,2043700
06/08/2019,35.93,36.51,35.85,36.4,33.75,1536300
07/08/2019,36.05,36.93,35.76,36.79,34.11,1784900
08/08/2019,37.34,37.34,34.89,35.0,32.45,3361100
09/08/2019,34.95,35.56,34.88,35.37,32.79,1337100
12/08/2019,35.28,35.28,34.67,34.81,32.27,1335100
13/08/2019,34.67,35.53,34.67,35.0,32.45,1708100
14/08/2019,34.78,34.78,33.37,33.66,31.21,1372300
15/08/2019,33.65,34.03,32.71,32.81,30.42,2007500
16/08/2019,33.09,33.29,32.71,33.01,30.61,1399300
19/08/2019,33.31,33.9,33.3,33.6,31.15,1622600
20/08/2019,33.5,33.82,33.25,33.36,30.93,1711200
21/08/2019,33.47,33.51,32.87,33.15,30.73,1408700
22/08/2019,33.19,33.34,32.73,32.82,30.43,1438800
23/08/2019,32.66,32.72,31.33,31.44,29.15,1459900
26/08/2019,31.67,31.82,31.28,31.71,29.4,1508600
27/08/2019,31.9,32.05,31.61,31.62,29.32,1763500
28/08/2019,31.67,31.94,31.33,31.56,29.26,1002000
29/08/2019,31.78,32.8,31.67,32.45,30.09,1727100
30/08/2019,33.27,33.31,32.47,32.8,30.41,1295500
03/09/2019,32.4,32.74,32.16,32.43,30.28,904800
04/09/2019,32.65,33.26,32.53,33.21,31.01,970400
05/09/2019,33.52,34.03,33.23,33.91,31.66,965300
06/09/2019,33.95,34.35,33.73,33.87,31.62,875100
09/09/2019,33.68,34.02,33.31,33.99,31.74,792500
10/09/2019,33.76,34.42,33.76,34.22,31.95,1421800
11/09/2019,34.1,34.23,33.62,33.97,31.72,1073800
12/09/2019,34.12,34.12,33.59,33.7,31.47,1159600
13/09/2019,33.68,34.08,33.45,33.71,31.47,938800
16/09/2019,33.52,33.66,33.35,33.49,31.27,653100
17/09/2019,33.46,33.46,32.72,32.82,30.64,890000
18/09/2019,32.68,32.84,32.03,32.5,30.35,1207900
19/09/2019,32.57,32.66,31.9,31.97,29.85,629400
20/09/2019,31.89,32.3,31.63,32.08,29.95,1538800
23/09/2019,32.16,32.33,31.88,32.18,30.05,841400
24/09/2019,32.32,32.35,31.4,31.53,29.44,1201700
25/09/2019,31.48,32.17,31.48,32.0,29.88,1456400
26/09/2019,32.06,32.06,31.35,31.47,29.38,1314000
27/09/2019,31.51,31.71,31.13,31.48,29.39,860400
30/09/2019,31.68,31.85,31.34,31.54,29.45,700200
01/10/2019,31.7,32.01,31.13,31.18,29.11,880700
02/10/2019,30.99,31.2,30.26,30.31,28.3,1123900
03/10/2019,30.25,30.43,29.67,30.39,28.37,1061100
04/10/2019,30.5,30.78,30.34,30.49,28.46,996300
07/10/2019,30.51,31.04,30.48,30.49,28.47,951500
08/10/2019,30.21,30.21,29.61,30.03,28.04,1232500
09/10/2019,30.21,30.41,29.94,30.26,28.25,1147600
10/10/2019,30.22,30.53,30.05,30.42,28.41,1161300
11/10/2019,30.65,31.48,30.63,31.16,29.09,1571700
14/10/2019,31.06,31.13,30.75,31.01,28.95,1178700
15/10/2019,31.02,31.51,30.8,31.44,29.36,1148900
16/10/2019,31.35,31.59,31.26,31.58,29.49,1159900
17/10/2019,31.5,31.72,31.15,31.49,29.4,2047600
18/10/2019,31.63,32.07,31.48,31.52,29.43,2453800
21/10/2019,31.71,32.15,31.57,32.09,29.96,1581800
22/10/2019,32.16,32.86,31.93,32.77,30.6,1518800
23/10/2019,32.87,33.01,32.5,32.61,30.45,905100
24/10/2019,32.56,32.73,31.2,31.6,29.5,1454000
25/10/2019,31.62,32.06,31.62,31.7,29.6,1280500
28/10/2019,31.72,32.66,31.72,32.21,30.07,2133600
29/10/2019,32.16,32.21,31.84,32.05,29.92,1105600
30/10/2019,31.98,32.06,31.3,31.36,29.28,1198100
31/10/2019,31.17,31.26,30.94,31.24,29.17,1528000
01/11/2019,31.36,31.96,31.18,31.86,29.75,2991700
04/11/2019,32.04,32.04,31.73,31.9,29.78,1461400
05/11/2019,31.9,32.45,31.9,32.15,30.02,2289200
06/11/2019,32.18,32.46,31.67,32.33,30.19,1425800
07/11/2019,33.15,34.26,32.74,34.25,31.98,2728600
08/11/2019,34.14,34.52,33.91,34.43,32.15,1551500
11/11/2019,34.24,34.33,33.94,34.22,31.95,768800
12/11/2019,34.21,34.37,33.76,33.81,31.57,995800
13/11/2019,33.63,33.96,33.47,33.57,31.34,994800
14/11/2019,33.46,33.78,33.28,33.45,31.23,1251300
15/11/2019,33.75,33.97,33.39,33.6,31.37,1682400
18/11/2019,33.58,34.48,33.55,34.46,32.18,1344300
19/11/2019,34.67,35.48,34.47,35.43,33.08,1301600
20/11/2019,35.19,35.55,34.9,34.99,32.67,1548900
21/11/2019,35.0,35.43,34.69,34.78,32.47,979500
22/11/2019,34.77,35.17,34.75,34.88,32.56,1139800
25/11/2019,34.88,35.0,34.58,34.85,32.54,1108800
26/11/2019,34.88,35.29,34.78,35.19,32.86,1473000
27/11/2019,35.3,35.39,34.9,35.03,32.71,757300
29/11/2019,34.9,35.21,34.62,34.98,32.66,528700
02/12/2019,34.96,35.23,34.74,34.81,32.51,1014400
03/12/2019,34.54,34.63,33.99,34.35,32.07,1072000
04/12/2019,34.29,34.84,34.19,34.64,32.34,1198100
05/12/2019,34.79,35.0,34.45,34.63,32.34,1203100
06/12/2019,34.88,35.05,34.53,34.6,32.31,892900
09/12/2019,34.67,35.18,34.51,34.79,32.48,1049300
10/12/2019,34.77,35.16,34.48,34.92,32.6,1210700
11/12/2019,35.02,35.71,35.02,35.29,32.95,1647300
12/12/2019,35.38,36.06,35.24,35.96,33.58,1350800
13/12/2019,35.92,36.11,35.64,35.86,33.48,1363600
16/12/2019,36.03,36.18,35.81,35.89,33.51,1097800
17/12/2019,35.87,36.33,35.56,36.24,33.84,1019300
18/12/2019,36.28,36.4,35.96,36.0,33.61,1880800
19/12/2019,35.9,36.22,35.84,36.05,33.66,1098600
20/12/2019,36.14,36.39,35.85,36.22,33.82,2579000
23/12/2019,36.16,36.79,36.16,36.63,34.2,1149200
24/12/2019,36.61,36.8,36.49,36.5,34.08,347100
26/12/2019,36.64,36.86,36.5,36.8,34.36,696700
27/12/2019,36.95,36.95,36.55,36.72,34.29,832800
30/12/2019,36.79,36.86,36.39,36.44,34.02,894000
31/12/2019,36.32,36.53,36.15,36.4,33.99,988400
02/01/2020,36.5,36.75,35.97,36.46,34.04,1153800
03/01/2020,36.01,36.35,36.01,36.1,33.71,940300
06/01/2020,35.94,36.14,35.73,36.01,33.63,792600
07/01/2020,35.89,36.58,35.83,36.47,34.05,955700
08/01/2020,36.58,36.92,36.36,36.42,34.01,1799500
09/01/2020,36.5,36.67,36.2,36.5,34.08,851000
10/01/2020,36.55,36.59,35.99,36.08,33.69,1067100
13/01/2020,36.09,36.47,35.82,36.3,33.89,1207000
14/01/2020,36.13,36.77,35.91,36.54,34.12,1441500
15/01/2020,36.57,36.86,36.48,36.79,34.35,889600
16/01/2020,36.91,38.26,36.87,38.23,35.7,1835100
17/01/2020,38.31,38.84,38.31,38.58,36.02,1662700
21/01/2020,38.4,38.54,38.09,38.41,35.86,1416700
22/01/2020,38.41,38.6,38.13,38.4,35.85,1321200
23/01/2020,38.11,38.13,36.7,36.9,34.45,2407400
24/01/2020,36.94,36.94,35.64,36.04,33.65,2762300
27/01/2020,35.81,36.42,35.66,36.37,33.96,1838800
28/01/2020,36.5,36.82,36.17,36.62,34.19,1353100
29/01/2020,36.38,36.63,35.88,35.99,33.6,876100
30/01/2020,35.6,36.48,35.53,36.46,34.04,978500
31/01/2020,36.35,36.57,35.85,36.33,33.92,1604300
03/02/2020,36.5,37.25,36.41,36.83,34.39,1084600
04/02/2020,37.27,37.57,36.99,37.4,34.92,1072200
05/02/2020,37.81,38.21,37.45,37.93,35.41,1984500
06/02/2020,38.26,38.44,36.18,36.5,34.08,2530200
07/02/2020,36.45,36.46,35.89,36.37,33.96,1047900
10/02/2020,36.22,36.85,36.1,36.78,34.34,1442000
11/02/2020,36.85,36.85,36.18,36.61,34.18,926900
12/02/2020,36.77,37.22,36.72,37.16,34.7,907700
13/02/2020,36.95,37.74,36.95,37.52,35.03,1059400
14/02/2020,37.53,37.59,37.0,37.31,34.84,750500
18/02/2020,37.26,37.4,36.94,37.22,34.75,965600
19/02/2020,37.24,37.72,37.1,37.53,35.04,674100
20/02/2020,37.18,37.34,35.9,36.54,34.12,1605200
21/02/2020,36.29,36.84,35.48,35.5,33.15,1593500
24/02/2020,35.27,35.44,34.09,34.27,32.0,1503900
25/02/2020,34.41,34.55,32.65,32.83,30.65,1922800
26/02/2020,33.36,33.41,32.08,32.4,30.25,2761100
27/02/2020,31.99,32.56,30.99,30.99,28.94,2763400
28/02/2020,30.2,31.32,29.86,30.45,28.43,3917400
02/03/2020,30.48,31.79,30.07,31.79,29.68,2871300
03/03/2020,31.19,32.28,30.34,30.71,28.88,4065400
04/03/2020,31.04,31.27,30.13,30.67,28.85,2778700
05/03/2020,29.83,30.04,28.91,29.12,27.39,2206300
06/03/2020,27.71,28.79,27.55,28.52,26.82,2821300
09/03/2020,26.75,27.63,26.38,27.13,25.52,4129700
10/03/2020,27.96,28.98,26.77,28.76,27.05,3554900
11/03/2020,27.82,28.28,27.3,27.52,25.88,3077300
12/03/2020,26.55,26.66,24.29,25.56,24.04,3106700
13/03/2020,26.4,27.78,24.24,25.38,23.87,2710400
16/03/2020,23.3,24.38,22.68,23.19,21.81,3320300
17/03/2020,23.5,24.44,22.17,23.79,22.37,3157000
18/03/2020,22.54,23.26,20.64,21.41,20.14,3549300
19/03/2020,21.43,22.73,20.1,21.94,20.63,2025500
20/03/2020,22.3,22.77,19.92,20.05,18.86,3236800
23/03/2020,20.13,20.55,19.13,19.81,18.63,2577600
24/03/2020,20.82,21.73,20.17,21.65,20.36,2434900
25/03/2020,21.65,24.54,21.26,23.34,21.95,3077500
26/03/2020,23.46,24.78,23.46,24.6,23.14,2435300
27/03/2020,23.71,23.95,21.95,22.04,20.73,1979800
30/03/2020,22.11,23.97,21.52,23.77,22.36,1575000
31/03/2020,23.95,24.32,22.76,22.88,21.52,2087600
01/04/2020,21.85,22.18,21.26,21.57,20.28,1584700
02/04/2020,21.56,22.71,21.22,21.84,20.54,2515500
03/04/2020,21.73,21.97,21.2,21.59,20.31,1208700
06/04/2020,22.78,24.62,22.69,24.45,23.0,1489800
07/04/2020,25.69,26.44,24.9,24.97,23.48,1670400
08/04/2020,25.04,26.03,25.0,25.82,24.28,1529100
09/04/2020,25.92,26.56,25.17,25.64,24.11,1596300
13/04/2020,25.46,25.51,24.32,25.4,23.89,1554400
14/04/2020,25.8,26.18,25.39,26.01,24.46,967100
15/04/2020,25.15,25.25,24.55,25.17,23.67,1167800
16/04/2020,25.16,25.29,24.42,25.13,23.63,1872800
17/04/2020,25.75,26.33,25.52,26.23,24.67,1085600
20/04/2020,25.46,26.44,25.46,25.69,24.16,1896900
21/04/2020,24.91,25.38,24.78,25.05,23.56,1442400
22/04/2020,25.68,25.88,24.53,24.59,23.13,1501900
23/04/2020,24.63,25.1,23.91,24.45,23.0,1512000
24/04/2020,24.48,24.67,24.13,24.52,23.06,1423000
27/04/2020,24.83,26.24,24.78,26.01,24.46,1128200
28/04/2020,26.65,27.71,26.5,26.97,25.37,1157500
29/04/2020,27.73,28.24,27.69,27.95,26.29,1215400
30/04/2020,27.4,27.4,25.17,25.56,24.04,1787900
01/05/2020,25.0,25.38,24.67,25.02,23.53,803100
04/05/2020,24.85,24.96,24.21,24.63,23.16,1180100
05/05/2020,24.82,25.01,23.63,23.85,22.43,1413200
06/05/2020,23.89,24.72,23.39,24.61,23.15,1949600
07/05/2020,26.25,26.73,24.86,25.01,23.52,1810900
08/05/2020,25.62,25.95,25.32,25.73,24.2,949500
11/05/2020,25.81,25.81,24.78,25.45,23.94,845300
12/05/2020,25.59,25.76,24.89,24.89,23.41,995000
13/05/2020,24.72,24.75,23.38,24.06,22.63,1172600
14/05/2020,23.67,25.2,23.36,25.12,23.63,1753200
15/05/2020,24.97,25.57,24.69,25.5,23.98,1056400
18/05/2020,26.66,27.04,26.22,26.85,25.26,1144500
19/05/2020,26.72,27.48,26.46,26.94,25.34,741900
20/05/2020,27.04,27.76,27.03,27.37,25.74,941700
21/05/2020,27.07,27.63,27.07,27.23,25.61,666400
22/05/2020,27.16,27.48,27.04,27.37,25.74,739000
26/05/2020,28.4,28.77,28.08,28.59,26.89,856000
27/05/2020,28.99,29.73,28.68,29.3,27.56,923800
28/05/2020,29.42,29.62,28.53,28.66,26.95,937100
29/05/2020,28.56,28.93,28.07,28.78,27.07,1740100
01/06/2020,28.89,29.41,28.8,29.14,27.41,740700
02/06/2020,29.18,29.36,28.58,28.87,27.15,827600
03/06/2020,29.21,30.59,29.21,30.22,28.42,1326900
04/06/2020,30.03,30.43,29.58,29.94,28.16,1132000
05/06/2020,30.96,31.51,30.12,30.25,28.45,1659300
08/06/2020,30.39,32.05,30.39,31.68,29.79,2308800
09/06/2020,31.27,31.36,30.26,30.33,28.53,1187400
10/06/2020,30.13,30.25,29.12,29.73,27.96,1454400
11/06/2020,28.71,28.78,27.51,27.62,25.98,1697400
12/06/2020,28.38,28.62,27.28,27.95,26.29,1495500
15/06/2020,26.97,29.36,26.86,28.86,27.14,1310500
16/06/2020,29.7,30.02,27.72,28.02,26.35,1559300
17/06/2020,28.0,28.1,27.54,27.76,26.11,1860900
18/06/2020,27.57,28.69,27.48,28.66,26.95,1398900
19/06/2020,29.15,29.49,27.8,27.82,26.16,2379700
22/06/2020,27.55,27.77,27.17,27.6,25.96,1488100
23/06/2020,27.86,28.36,27.78,27.81,26.16,1278600
24/06/2020,27.39,27.59,26.46,27.01,25.4,1220800
25/06/2020,26.75,26.82,26.12,26.75,25.16,1739700
26/06/2020,26.62,26.62,25.4,25.75,24.22,2615700
29/06/2020,25.99,26.84,25.6,26.79,25.2,1446000
30/06/2020,26.76,26.9,26.44,26.84,25.24,1325600
01/07/2020,26.8,27.36,26.52,26.92,25.31,1851900
02/07/2020,27.46,27.65,26.46,26.55,24.97,1231500
06/07/2020,26.94,27.07,26.2,26.53,24.95,905300
07/07/2020,26.26,26.3,25.71,25.77,24.24,1007600
08/07/2020,25.76,25.76,25.1,25.39,23.88,840900
09/07/2020,25.28,25.36,24.03,24.45,23.0,1099000
10/07/2020,24.33,25.41,24.33,25.39,23.88,809600
13/07/2020,25.38,25.62,24.41,25.05,23.56,1655500
14/07/2020,24.67,25.48,24.54,25.13,23.63,1522600
15/07/2020,25.33,26.38,25.33,26.25,24.69,1449400
16/07/2020,25.95,26.54,25.89,26.4,24.82,977500
17/07/2020,26.51,26.51,25.14,25.26,23.76,2050200
20/07/2020,25.08,25.32,24.3,24.82,23.34,1498500
21/07/2020,24.97,25.72,24.95,25.35,23.84,1155700
22/07/2020,25.25,25.9,25.19,25.87,24.33,999500
23/07/2020,25.92,26.42,25.88,26.13,24.58,1029500
24/07/2020,26.48,27.2,26.18,26.49,24.91,864100
27/07/2020,26.38,26.54,25.44,25.69,24.16,1001200
28/07/2020,25.56,26.11,25.44,25.71,24.18,719800
29/07/2020,25.67,26.11,25.42,25.92,24.38,696000
30/07/2020,25.46,26.01,25.26,25.88,24.34,644500
31/07/2020,25.65,25.8,25.23,25.77,24.24,904300
03/08/2020,25.87,26.32,25.43,26.25,24.69,826500
04/08/2020,26.16,27.06,26.16,26.71,25.12,850600
05/08/2020,26.0,26.16,24.28,24.85,23.37,1922600
06/08/2020,24.98,25.41,24.73,25.16,23.66,1575900
07/08/2020,24.94,25.17,24.46,24.89,23.41,1874500
10/08/2020,24.9,25.05,24.4,24.68,23.21,1494200
11/08/2020,24.93,25.72,24.87,24.94,23.46,1603100
12/08/2020,25.17,25.37,24.82,25.21,23.71,1289200
13/08/2020,24.97,25.72,24.94,25.69,24.16,878100
14/08/2020,25.67,26.09,25.41,25.82,24.28,819200
17/08/2020,25.93,25.93,25.27,25.71,24.18,727600
18/08/2020,25.78,25.95,25.63,25.74,24.2,1051900
19/08/2020,25.78,26.24,25.75,25.92,24.38,793100
20/08/2020,25.73,26.05,25.58,25.92,24.38,693100
21/08/2020,25.78,26.06,25.62,26.01,24.46,906500
24/08/2020,25.99,27.19,25.99,27.05,25.44,1250000
25/08/2020,27.19,27.25,26.43,26.96,25.36,1205000
26/08/2020,26.8,27.31,26.75,27.15,25.53,1192900
27/08/2020,27.43,27.84,27.33,27.64,26.0,980900
28/08/2020,27.83,27.97,27.51,27.92,26.26,871300
31/08/2020,27.9,28.44,27.69,27.8,26.15,1509100
01/09/2020,27.36,27.56,27.07,27.49,26.07,1343800
02/09/2020,27.58,28.15,27.45,27.99,26.54,1138300
03/09/2020,28.28,28.74,27.36,27.51,26.09,1804100
04/09/2020,27.93,28.09,27.39,27.76,26.33,1433000
08/09/2020,27.59,28.34,27.57,27.84,26.4,1594900
09/09/2020,28.04,28.46,27.47,28.29,26.83,1888100
10/09/2020,28.37,28.79,27.95,28.15,26.7,1913700
11/09/2020,28.15,28.64,27.68,28.14,26.69,1245800
14/09/2020,28.42,29.28,28.31,28.7,27.22,1281600
15/09/2020,28.78,29.04,28.43,28.64,27.16,1101900
16/09/2020,28.79,29.87,28.76,29.46,27.94,2141700
17/09/2020,28.85,29.29,28.4,28.77,27.28,2262900
18/09/2020,28.72,28.73,27.62,28.0,26.55,3251500
21/09/2020,27.59,27.7,26.43,26.89,25.5,2101100
22/09/2020,26.9,27.16,26.61,26.95,25.56,2052200
23/09/2020,27.01,27.06,25.85,25.98,24.64,1276400
24/09/2020,26.12,26.44,25.61,26.22,24.87,922300
25/09/2020,26.01,26.89,26.01,26.78,25.4,1040600
28/09/2020,27.35,27.9,27.14,27.9,26.46,1044700
29/09/2020,27.94,28.0,27.26,27.82,26.38,908600
30/09/2020,27.95,28.61,27.65,27.97,26.53,1455800
01/10/2020,28.21,28.36,27.68,28.21,26.75,928900
02/10/2020,27.91,28.42,27.64,28.17,26.71,1109900
05/10/2020,28.42,28.95,28.19,28.89,27.4,601300
06/10/2020,28.97,29.18,28.01,28.12,26.67,1452400
07/10/2020,28.68,29.28,28.34,29.11,27.61,1054800
08/10/2020,29.35,29.65,29.06,29.63,28.1,721700
09/10/2020,29.91,30.04,29.16,29.2,27.69,926100
12/10/2020,29.43,29.5,28.96,29.13,27.63,1253100
13/10/2020,29.08,29.08,27.43,27.47,26.05,1570100
14/10/2020,27.47,27.74,27.08,27.13,25.73,944300
15/10/2020,26.92,27.23,26.62,27.2,25.79,992000
16/10/2020,27.31,27.43,26.81,27.12,25.72,715400
19/10/2020,27.19,27.25,26.2,26.25,24.89,832900
20/10/2020,26.54,26.54,26.09,26.18,24.83,1457600
21/10/2020,26.09,26.85,25.91,26.75,25.37,803400
22/10/2020,26.74,27.63,26.74,27.41,25.99,1828000
23/10/2020,27.32,27.57,26.68,26.93,25.54,1763200
26/10/2020,26.7,26.87,25.95,26.18,24.83,2529900
27/10/2020,26.1,26.19,25.88,26.0,24.65,1178800
28/10/2020,25.55,25.83,24.98,25.02,23.73,2046100
29/10/2020,24.9,25.54,24.81,25.39,24.08,1609500
30/10/2020,25.28,26.16,25.28,26.14,24.79,2209100
02/11/2020,26.44,27.0,25.98,26.89,25.5,2504900
03/11/2020,28.29,28.86,26.2,26.7,25.32,1454900
04/11/2020,27.16,27.16,25.11,25.43,24.12,2861900
05/11/2020,25.67,26.42,25.28,26.37,25.01,1280400
06/11/2020,26.25,26.33,25.38,25.6,24.28,1400000
09/11/2020,26.7,27.35,25.85,26.19,24.84,2287800
10/11/2020,25.82,26.93,25.76,26.7,25.32,1559900
11/11/2020,26.74,27.26,26.39,27.15,25.75,1216900
12/11/2020,26.91,26.96,25.26,25.45,24.14,2251500
13/11/2020,25.43,26.38,25.43,26.21,24.86,3101200
16/11/2020,26.55,27.25,26.42,26.75,25.37,2095100
17/11/2020,26.54,27.72,26.21,27.65,26.22,1601400
18/11/2020,27.67,27.76,27.13,27.13,25.73,1782300
19/11/2020,27.01,27.49,26.95,27.27,25.86,1005000
20/11/2020,27.24,27.58,27.07,27.44,26.02,1248300
23/11/2020,27.46,28.25,27.4,28.04,26.59,1022200
24/11/2020,28.36,29.39,28.17,29.21,27.7,1623000
25/11/2020,28.98,29.0,28.65,28.96,27.46,806400
27/11/2020,28.88,29.09,28.66,28.73,27.25,506000
30/11/2020,28.52,28.81,28.29,28.38,26.91,2144700
01/12/2020,28.65,30.04,28.58,29.7,28.17,1436600
02/12/2020,29.71,30.07,29.26,30.05,28.5,1101100
03/12/2020,30.1,30.41,29.7,29.77,28.23,1142000
04/12/2020,30.02,30.02,29.19,29.25,27.74,1831100
07/12/2020,29.01,29.44,28.92,29.31,27.8,2001100
08/12/2020,29.22,29.37,28.76,28.9,27.4,1575600
09/12/2020,29.05,29.16,28.58,28.73,27.25,1601700
10/12/2020,28.46,28.79,28.35,28.68,27.2,981100
11/12/2020,28.42,28.77,28.17,28.72,27.24,1453500
14/12/2020,29.09,29.19,28.32,28.34,26.88,1087300
15/12/2020,28.47,28.49,27.62,28.21,26.75,1245300
16/12/2020,28.26,28.44,28.0,28.11,26.66,976600
17/12/2020,28.3,28.31,27.57,28.16,26.71,2069200
18/12/2020,28.1,28.42,27.64,27.79,26.35,2945800
21/12/2020,27.47,27.59,27.02,27.39,25.98,1257700
22/12/2020,27.31,27.44,26.89,26.98,25.59,1208400
23/12/2020,27.08,27.84,27.03,27.75,26.32,1063000
24/12/2020,27.75,28.13,27.75,28.0,26.55,475800
28/12/2020,28.13,28.98,28.0,28.88,27.39,1022300
29/12/2020,29.04,29.05,28.62,28.78,27.3,694500
30/12/2020,28.95,29.23,28.7,28.7,27.22,756300
31/12/2020,28.7,29.02,28.66,28.88,27.39,650400
04/01/2021,29.01,29.38,28.15,28.41,26.94,1237100
05/01/2021,28.45,29.17,28.39,29.01,27.52,833700
06/01/2021,29.41,31.6,29.41,31.46,29.83,1768000
07/01/2021,31.02,31.41,30.2,30.23,28.67,2343400
08/01/2021,30.23,30.4,29.15,29.62,28.09,1838700
11/01/2021,29.34,29.93,29.24,29.7,28.17,1207000
12/01/2021,29.67,29.89,29.03,29.18,27.67,1251100
13/01/2021,28.99,29.39,28.67,29.31,27.8,1304400
14/01/2021,29.35,30.55,29.05,30.34,28.77,5169000
15/01/2021,30.2,30.66,29.87,30.39,28.82,3611800
19/01/2021,30.37,30.39,29.12,29.17,27.66,1807400
20/01/2021,29.25,30.27,29.24,29.94,28.39,2704400
21/01/2021,29.82,30.21,29.72,29.85,28.31,2285600
22/01/2021,29.76,29.76,28.94,29.17,27.66,1595700
25/01/2021,29.18,30.8,29.17,30.68,29.1,4717200
26/01/2021,30.94,33.59,30.92,33.4,31.67,3088600
27/01/2021,33.4,36.96,32.35,32.47,30.79,6830800
28/01/2021,32.22,32.98,30.54,30.62,29.04,2687200
29/01/2021,30.31,31.25,29.76,29.89,28.35,1688200
01/02/2021,29.86,30.84,29.66,30.65,29.07,1179500
02/02/2021,30.76,30.93,29.3,29.55,28.02,1439200
03/02/2021,29.44,29.75,29.07,29.15,27.64,2419300
04/02/2021,29.29,29.81,28.98,29.33,27.81,2012000
05/02/2021,29.38,30.55,29.08,30.31,28.74,1327700
08/02/2021,30.55,31.59,30.38,31.55,29.92,1600600
09/02/2021,31.97,31.97,29.61,29.69,28.16,1773100
10/02/2021,29.85,30.78,29.47,30.51,28.93,1827500
11/02/2021,30.45,30.96,30.26,30.75,29.16,922600
12/02/2021,30.67,31.69,30.61,31.45,29.83,1003200
16/02/2021,31.51,31.67,30.61,30.65,29.07,965200
17/02/2021,30.57,30.95,30.45,30.66,29.08,474700
18/02/2021,30.65,31.25,30.6,31.06,29.46,1023200
19/02/2021,31.15,32.55,31.15,32.37,30.7,1281600
22/02/2021,32.28,33.85,32.28,33.39,31.67,1278000
23/02/2021,33.48,33.98,32.38,32.87,31.17,1117400
24/02/2021,32.4,32.82,32.08,32.74,31.05,797600
25/02/2021,32.85,33.22,31.49,31.75,30.11,1069700
26/02/2021,31.6,32.45,31.44,31.93,30.28,1290000
01/03/2021,32.18,33.65,32.1,33.39,31.67,989300
02/03/2021,33.32,36.71,33.07,36.05,34.19,3052400
03/03/2021,36.07,38.25,35.73,37.09,35.17,2928100
04/03/2021,37.07,37.92,35.71,36.71,34.81,2013900
05/03/2021,37.71,39.14,36.79,39.04,37.02,2462700
08/03/2021,38.82,40.26,38.16,40.02,37.95,1362400
09/03/2021,39.88,39.88,37.9,38.24,36.47,1608500
10/03/2021,38.52,39.27,38.09,38.96,37.16,1154100
11/03/2021,38.64,40.07,38.6,39.41,37.59,972400
12/03/2021,39.46,40.38,39.39,40.0,38.15,1108200
15/03/2021,40.35,40.74,39.62,40.1,38.25,943200
16/03/2021,40.88,42.14,40.55,41.44,39.53,1527500
17/03/2021,41.3,41.42,39.25,40.45,38.58,1432700
18/03/2021,40.1,41.26,39.94,40.4,38.53,1206700
19/03/2021,40.36,40.94,40.03,40.35,38.49,2431100
22/03/2021,40.6,41.33,40.03,41.15,39.25,999700
23/03/2021,40.8,40.95,39.17,39.21,37.4,1358700
24/03/2021,39.28,39.51,37.9,37.95,36.2,1594400
25/03/2021,37.94,38.96,37.75,38.42,36.65,1631000
26/03/2021,38.46,38.48,33.96,36.17,34.5,3864100
29/03/2021,36.25,36.51,35.37,35.82,34.17,1729000
30/03/2021,35.83,36.46,35.38,35.84,34.19,1542400
31/03/2021,36.13,36.13,34.86,34.93,33.32,2810400
01/04/2021,35.18,35.42,34.55,35.0,33.38,2378500
05/04/2021,35.35,35.41,34.31,35.13,33.51,1246600
06/04/2021,34.77,36.07,34.77,35.77,34.12,1090800
07/04/2021,36.05,36.54,35.65,35.91,34.25,1129700
08/04/2021,35.9,36.19,35.21,35.63,33.98,1366200
09/04/2021,35.73,36.19,35.31,36.08,34.41,651700
12/04/2021,36.5,36.73,35.97,36.1,34.43,1118500
13/04/2021,35.98,36.79,35.9,36.35,34.67,1279400
14/04/2021,36.06,36.79,35.9,36.15,34.48,1512400
15/04/2021,36.52,37.28,36.27,36.77,35.07,1054500
16/04/2021,36.9,37.24,36.52,36.72,35.02,910000
19/04/2021,36.59,36.98,36.28,36.59,34.9,897500
20/04/2021,36.63,37.11,36.31,36.65,34.96,1092400
21/04/2021,36.65,37.59,36.35,37.36,35.63,1636600
22/04/2021,37.41,37.74,36.91,37.1,35.39,1734400
23/04/2021,37.12,37.65,37.08,37.34,35.62,781100
26/04/2021,37.37,37.49,36.69,37.07,35.36,856900
27/04/2021,37.1,37.48,36.84,37.25,35.53,727600
28/04/2021,37.23,37.23,36.59,36.88,35.18,771400
29/04/2021,37.08,37.26,36.56,36.83,35.13,876700
30/04/2021,36.82,36.83,36.19,36.38,34.7,840100
03/05/2021,36.63,36.72,35.76,35.78,34.13,890500
04/05/2021,35.86,36.15,35.31,35.8,34.15,890300
05/05/2021,35.69,35.9,35.35,35.54,33.9,1024200
06/05/2021,35.86,37.36,35.78,36.7,35.01,791200
07/05/2021,36.76,37.46,36.52,37.17,35.45,1049900
10/05/2021,37.26,37.84,36.91,37.25,35.53,1087400
11/05/2021,37.05,37.46,36.81,37.39,35.66,1041300
12/05/2021,37.41,37.67,36.39,36.49,34.81,1203100
13/05/2021,36.46,37.51,36.44,37.07,35.36,1036700
14/05/2021,36.96,37.1,36.21,36.27,34.6,1364000
17/05/2021,36.63,37.1,35.82,35.84,34.19,1283100
18/05/2021,35.98,36.8,35.98,36.32,34.64,938900
19/05/2021,35.99,36.43,35.77,36.22,34.55,1070400
20/05/2021,36.15,36.58,36.04,36.14,34.47,919600
21/05/2021,36.22,36.65,36.07,36.38,34.7,849300
24/05/2021,36.38,36.78,36.01,36.31,34.63,748800
25/05/2021,36.48,36.74,35.78,35.9,34.24,1036600
26/05/2021,35.91,36.77,35.74,36.16,34.49,1217300
27/05/2021,36.44,37.05,36.3,36.81,35.11,2762900
28/05/2021,37.02,37.02,35.98,36.28,34.6,981400
01/06/2021,36.6,36.65,35.95,35.99,34.33,1011700
02/06/2021,36.09,36.23,35.36,35.59,33.95,1409200
03/06/2021,35.58,35.8,34.78,35.16,33.54,1456200
04/06/2021,35.23,35.8,35.1,35.67,34.02,1054100
07/06/2021,35.68,36.0,35.38,35.6,33.96,686300
08/06/2021,35.56,35.65,34.95,35.16,33.54,1171000
09/06/2021,35.62,36.42,35.47,36.03,34.37,1105200
10/06/2021,36.01,36.26,35.73,35.86,34.2,622100
11/06/2021,35.91,36.24,35.85,36.2,34.53,591500
14/06/2021,36.25,36.37,35.65,35.96,34.3,808600
15/06/2021,36.07,36.38,35.72,35.98,34.32,813800
16/06/2021,35.92,36.18,35.63,35.93,34.27,850400
17/06/2021,35.9,36.24,35.35,35.44,33.8,927400
18/06/2021,35.28,36.21,35.23,35.78,34.13,2115400
21/06/2021,36.01,36.28,35.66,35.77,34.12,858100
22/06/2021,35.79,35.93,35.18,35.74,34.09,1313500
23/06/2021,35.69,36.03,35.59,35.7,34.05,1284800
24/06/2021,35.79,36.43,35.73,36.28,34.6,1118100
25/06/2021,36.29,36.89,36.16,36.39,34.71,1261800
28/06/2021,36.55,36.73,36.03,36.2,34.53,827400
29/06/2021,35.7,35.96,34.97,35.04,33.42,1109300
30/06/2021,35.19,35.25,34.73,35.2,33.57,865600
01/07/2021,35.27,35.86,34.97,35.56,33.92,815800
02/07/2021,35.71,35.71,35.23,35.37,33.74,529200
06/07/2021,35.23,35.49,34.01,34.73,33.13,1182400
07/07/2021,34.68,35.0,34.2,34.5,32.91,1004600
08/07/2021,34.38,34.38,33.58,33.81,32.25,906000
09/07/2021,33.8,34.63,33.75,34.51,32.92,790200
12/07/2021,34.41,34.91,34.03,34.9,33.29,721900
13/07/2021,34.97,34.98,33.91,33.97,32.4,1134200
14/07/2021,33.96,34.49,33.96,34.38,32.79,659600
15/07/2021,34.21,34.57,33.77,33.88,32.32,1279300
16/07/2021,33.88,33.95,33.31,33.37,31.83,1377900
19/07/2021,33.12,33.19,32.4,32.6,31.09,2828200
20/07/2021,32.6,33.0,32.37,32.87,31.35,2184700
21/07/2021,32.87,34.16,32.78,33.88,32.32,1705200
22/07/2021,33.95,33.95,33.18,33.75,32.19,774800
23/07/2021,33.83,34.09,33.52,34.01,32.44,515200
26/07/2021,33.79,34.62,33.79,34.32,32.74,815000
27/07/2021,34.12,34.28,33.85,33.96,32.39,694300
28/07/2021,33.97,34.32,33.32,34.02,32.45,951700
29/07/2021,34.16,34.6,33.92,33.94,32.37,1313600
30/07/2021,33.67,33.83,33.14,33.24,31.71,1921200
02/08/2021,33.29,33.54,33.23,33.29,31.75,912800
03/08/2021,33.38,33.38,31.87,32.82,31.3,968900
04/08/2021,32.67,33.03,32.38,32.64,31.13,893800
05/08/2021,33.38,34.86,33.18,34.29,32.71,2500700
06/08/2021,34.23,34.51,33.67,33.74,32.18,1236500
09/08/2021,33.61,33.66,33.32,33.5,31.95,1183400
10/08/2021,33.45,34.1,33.24,34.0,32.43,1240100
11/08/2021,34.03,34.62,33.8,34.54,32.95,2133800
12/08/2021,34.47,34.61,33.88,34.15,32.57,913000
13/08/2021,34.29,34.49,34.01,34.07,32.5,860900
16/08/2021,33.95,34.41,33.59,34.25,32.67,664900
17/08/2021,33.77,34.25,33.68,34.08,32.51,508400
18/08/2021,34.0,34.7,33.78,33.81,32.25,778600
19/08/2021,33.73,33.83,33.25,33.46,31.92,599400
20/08/2021,33.3,34.15,33.27,34.01,32.44,554500
23/08/2021,34.1,34.44,33.95,34.32,32.74,655000
24/08/2021,34.29,34.53,34.13,34.24,32.66,612500
25/08/2021,34.29,34.6,34.0,34.29,32.71,622200
26/08/2021,34.24,34.45,34.0,34.0,32.43,718500
27/08/2021,33.82,34.58,33.82,34.53,32.94,527300
30/08/2021,34.52,34.57,34.13,34.32,32.74,565100
31/08/2021,34.09,34.8,34.07,34.63,33.26,1145500
01/09/2021,34.66,34.77,34.16,34.24,32.89,1067600
02/09/2021,34.39,34.69,34.24,34.52,33.16,907700
03/09/2021,34.35,34.43,33.83,34.13,32.78,752700
07/09/2021,34.0,34.42,33.83,34.04,32.7,1172900
08/09/2021,33.95,34.35,33.29,33.3,31.99,962800
09/09/2021,33.36,33.78,33.14,33.67,32.34,1000000
10/09/2021,33.71,33.85,33.17,33.3,31.99,698600
13/09/2021,33.58,33.88,33.34,33.73,32.4,919200
14/09/2021,33.9,33.9,32.78,32.84,31.54,879900
15/09/2021,32.78,34.17,32.64,34.06,32.72,1097400
16/09/2021,34.05,34.85,33.87,34.69,33.32,980700
17/09/2021,34.63,35.58,34.6,35.1,33.72,2712200
20/09/2021,34.9,34.9,33.98,34.53,33.17,1016900
21/09/2021,34.73,35.17,34.24,34.48,33.12,1097900
22/09/2021,34.71,35.84,34.71,35.42,34.02,947700
23/09/2021,35.39,36.12,35.39,35.68,34.27,801500
24/09/2021,35.5,36.56,35.5,36.31,34.88,812400
27/09/2021,36.24,37.2,36.23,36.93,35.47,912700
28/09/2021,36.85,37.37,36.76,36.86,35.41,1076300
29/09/2021,36.84,37.33,36.63,37.25,35.78,788400
30/09/2021,37.61,38.04,37.1,37.12,35.66,1478800
01/10/2021,37.53,37.95,37.11,37.68,36.19,847300
04/10/2021,37.66,38.4,37.66,38.25,36.74,1092000
05/10/2021,38.37,38.86,38.26,38.63,37.11,802800
06/10/2021,38.32,38.52,37.88,38.36,36.85,940900
07/10/2021,38.71,39.24,38.52,38.84,37.31,982900
08/10/2021,39.0,39.87,38.99,39.08,37.54,989900
11/10/2021,39.08,39.38,38.88,38.9,37.37,438900
12/10/2021,38.86,39.26,38.57,38.82,37.29,512600
13/10/2021,38.96,39.34,38.85,39.11,37.57,773000
14/10/2021,39.39,39.64,39.05,39.41,37.85,857900
15/10/2021,39.46,39.67,38.85,38.97,37.43,1135000
18/10/2021,38.83,39.26,38.71,39.09,37.55,963800
19/10/2021,39.23,39.95,39.04,39.93,38.35,663900
20/10/2021,39.76,40.51,39.7,40.2,38.61,532400
21/10/2021,40.15,40.39,39.5,39.64,38.08,494700
22/10/2021,39.54,39.68,39.23,39.52,37.96,631200
25/10/2021,39.72,39.73,38.85,38.93,37.39,456000
26/10/2021,39.0,39.13,38.59,38.72,37.19,925400
27/10/2021,38.71,38.74,37.44,37.48,36.0,795100
28/10/2021,37.51,37.96,37.4,37.93,36.43,1180800
29/10/2021,37.96,37.96,36.51,36.96,35.5,2311700
01/11/2021,37.06,38.26,37.06,38.18,36.67,761000
02/11/2021,38.12,38.82,37.95,38.68,37.15,942800
03/11/2021,38.4,39.1,37.78,38.63,37.11,1252500
04/11/2021,38.64,38.64,36.85,38.42,36.9,1380200
05/11/2021,38.81,39.54,38.35,38.61,37.09,872500
08/11/2021,38.8,38.91,37.49,37.9,36.4,1565800
09/11/2021,37.92,38.2,37.56,37.7,36.21,976600
10/11/2021,37.81,38.5,37.64,37.81,36.32,561000
11/11/2021,37.6,38.39,37.25,38.22,36.71,851900
12/11/2021,37.93,38.51,37.93,38.15,36.64,814900
15/11/2021,38.17,38.93,38.17,38.42,36.9,736500
16/11/2021,38.44,38.44,37.58,37.61,36.13,779900
17/11/2021,37.61,37.74,37.28,37.54,36.06,749300
18/11/2021,37.49,37.66,36.88,36.92,35.46,1054300
19/11/2021,36.72,36.9,36.12,36.32,34.89,1206700
22/11/2021,36.36,36.47,35.93,36.07,34.65,1093100
23/11/2021,36.36,36.71,36.06,36.35,34.92,1131900
24/11/2021,36.08,36.13,35.66,35.88,34.46,1091500
26/11/2021,35.13,35.24,34.56,35.07,33.69,780000
29/11/2021,35.27,35.27,34.4,34.49,33.13,802100
30/11/2021,34.33,34.46,33.33,33.6,32.27,2355000
01/12/2021,33.92,34.26,32.19,32.22,30.95,1440800
02/12/2021,32.38,33.18,32.11,32.91,31.61,1145900
03/12/2021,32.92,33.58,32.92,33.54,32.22,1145200
06/12/2021,33.97,34.37,33.77,33.92,32.58,1094200
07/12/2021,34.1,34.64,33.86,33.95,32.61,960800
08/12/2021,34.09,34.73,34.01,34.28,32.93,1169900
09/12/2021,34.01,34.64,33.96,34.15,32.8,891300
10/12/2021,34.35,34.39,33.82,34.24,32.89,1360600
13/12/2021,33.94,34.13,33.28,33.8,32.47,1813800
14/12/2021,33.67,34.04,33.3,33.47,32.15,1948400
15/12/2021,33.47,33.81,32.85,33.73,32.4,2143700
16/12/2021,33.88,34.48,33.73,34.32,32.97,1724800
17/12/2021,34.56,35.14,33.99,34.22,32.87,13993200
20/12/2021,33.93,34.07,33.28,33.82,32.49,1523300
21/12/2021,34.1,34.79,33.82,34.21,32.86,1101200
22/12/2021,34.09,34.27,33.83,34.13,32.78,883200
23/12/2021,34.25,34.67,34.23,34.51,33.15,784700
27/12/2021,34.56,34.62,34.04,34.62,33.25,472100
28/12/2021,34.58,34.93,34.58,34.77,33.4,383800
29/12/2021,34.72,34.88,34.22,34.38,33.02,724800
30/12/2021,34.48,34.99,34.44,34.75,33.38,457200
31/12/2021,34.83,34.87,34.24,34.27,32.92,785200
03/01/2022,34.42,35.33,34.31,34.99,33.61,1100700
04/01/2022,35.19,35.63,35.06,35.13,33.74,1296500
05/01/2022,35.14,35.6,34.68,34.76,33.39,1028300
06/01/2022,34.94,35.91,34.89,35.48,34.08,1162800
07/01/2022,35.48,36.22,35.48,36.0,34.58,1167400
10/01/2022,36.15,36.35,35.54,35.97,34.55,1492100
11/01/2022,36.05,36.38,35.63,35.86,34.45,652300
12/01/2022,35.94,36.33,35.89,36.22,34.79,622400
13/01/2022,36.29,37.16,36.23,36.84,35.39,1196000
14/01/2022,36.71,37.76,36.51,37.7,36.21,1144900
18/01/2022,37.7,38.08,36.52,36.7,35.25,1022900
19/01/2022,36.87,37.21,36.28,36.48,35.04,877000
20/01/2022,36.48,37.12,35.26,35.27,33.88,924000
21/01/2022,35.1,35.53,34.62,34.82,33.45,933600
24/01/2022,34.7,35.91,34.69,35.86,34.45,2306700
25/01/2022,35.64,36.03,34.97,35.88,34.46,845800
26/01/2022,35.94,36.24,34.55,34.87,33.49,1098100
27/01/2022,34.88,35.72,34.87,35.01,33.63,997000
28/01/2022,34.96,36.75,34.79,36.71,35.26,1269700
31/01/2022,36.55,37.23,36.15,37.18,35.71,1105700
01/02/2022,37.35,37.56,36.92,36.99,35.53,1161100
02/02/2022,36.76,37.42,36.32,37.27,35.8,1019800
03/02/2022,37.25,37.75,36.99,37.45,35.97,707800
04/02/2022,37.37,37.68,36.94,37.25,35.78,808500
07/02/2022,37.41,37.72,37.08,37.18,35.71,797800
08/02/2022,37.37,37.71,37.05,37.35,35.88,913100
09/02/2022,37.82,39.99,37.77,39.92,38.34,1719500
10/02/2022,39.6,40.91,39.29,40.05,38.47,1282400
11/02/2022,39.81,40.5,39.33,39.45,37.89,1080200
14/02/2022,39.59,39.75,38.63,38.75,37.22,972700
15/02/2022,39.02,39.74,38.89,39.11,37.57,1099200
16/02/2022,38.66,39.06,38.19,38.91,37.37,1261700
17/02/2022,38.82,39.24,38.43,38.66,37.13,1321900
18/02/2022,38.6,39.05,37.84,38.54,37.02,1515700
22/02/2022,38.44,38.81,38.06,38.18,36.67,1964600
23/02/2022,38.53,38.53,37.36,37.43,35.95,1355400
24/02/2022,36.9,37.38,36.44,37.26,35.79,1077600
25/02/2022,37.43,38.53,37.1,38.23,36.72,960600
28/02/2022,37.72,38.46,37.51,38.26,36.75,1608500
01/03/2022,37.9,38.24,37.4,37.64,36.38,987500
02/03/2022,37.91,39.78,37.83,39.32,38.01,1097800
03/03/2022,39.34,39.87,39.09,39.53,38.21,845300
04/03/2022,39.15,39.26,38.68,39.07,37.77,782500
07/03/2022,38.95,39.31,37.99,38.03,36.76,1188700
08/03/2022,38.12,38.86,37.8,38.2,36.92,663900
09/03/2022,38.74,38.92,37.37,37.43,36.18,883200
10/03/2022,37.06,37.37,36.19,36.61,35.39,1025900
11/03/2022,36.74,37.35,36.11,36.18,34.97,736300
14/03/2022,36.67,37.28,35.57,35.72,34.53,1297300
15/03/2022,36.09,36.65,35.66,36.62,35.4,806600
16/03/2022,36.79,37.5,36.57,37.42,36.17,1095200
17/03/2022,37.17,37.17,35.92,37.05,35.81,1033100
18/03/2022,37.04,37.74,36.48,37.68,36.42,1781300
21/03/2022,37.64,38.67,37.25,37.54,36.29,2426000
22/03/2022,37.8,38.28,37.65,37.76,36.5,646300
23/03/2022,37.6,37.84,37.18,37.18,35.94,593000
24/03/2022,37.17,37.74,37.11,37.57,36.32,507800
25/03/2022,37.59,38.29,37.59,37.82,36.56,712800
28/03/2022,37.75,37.84,36.81,37.27,36.03,450400
29/03/2022,37.66,37.8,37.27,37.56,36.31,449300
30/03/2022,37.53,37.74,36.69,36.83,35.6,1174700
31/03/2022,36.69,37.2,36.24,36.28,35.07,679700
01/04/2022,36.62,36.74,35.91,36.17,34.96,770900
04/04/2022,36.08,36.42,35.24,36.41,35.19,617100
05/04/2022,36.2,36.56,35.38,35.55,34.36,758700
06/04/2022,35.53,35.69,35.12,35.62,34.43,974500
07/04/2022,35.5,35.77,34.75,35.33,34.15,693800
08/04/2022,35.35,36.03,35.35,35.76,34.57,740700
11/04/2022,35.74,36.29,35.39,35.51,34.32,726100
12/04/2022,35.7,36.09,35.34,35.61,34.42,750400
13/04/2022,35.68,36.02,35.63,35.93,34.73,608500
14/04/2022,35.99,36.4,35.81,35.85,34.65,1431500
18/04/2022,35.91,36.17,35.7,35.97,34.77,719600
19/04/2022,36.13,36.34,35.74,36.2,34.99,667900
20/04/2022,36.13,36.61,35.0,36.48,35.26,925000
21/04/2022,36.68,37.06,35.79,35.88,34.68,1353800
22/04/2022,35.78,35.91,35.19,35.33,34.15,782800
25/04/2022,35.12,35.34,34.54,35.18,34.01,1093500
26/04/2022,34.93,35.06,33.97,34.01,32.87,1104800
27/04/2022,34.05,34.25,33.25,33.78,32.65,1202700
28/04/2022,33.96,34.39,33.66,33.92,32.79,860600
29/04/2022,33.89,34.16,33.16,33.24,32.13,802500
02/05/2022,33.42,33.97,33.31,33.86,32.73,994300
03/05/2022,33.93,34.15,33.41,33.63,32.51,877500
04/05/2022,33.56,34.42,33.44,34.37,33.22,569300
05/05/2022,34.07,34.37,33.54,33.72,32.59,931900
06/05/2022,33.56,33.64,31.71,32.06,30.99,1387800
09/05/2022,31.79,31.97,30.47,30.57,29.55,2421800
10/05/2022,30.89,30.95,28.96,29.9,28.9,1879600
11/05/2022,29.95,31.19,29.95,30.56,29.54,1747300
12/05/2022,30.5,31.01,29.84,30.86,29.83,2057500
13/05/2022,31.37,31.54,30.9,31.24,30.2,1216700
16/05/2022,31.19,31.36,30.88,31.11,30.07,829100
17/05/2022,31.4,32.17,31.39,31.97,30.9,2167200
18/05/2022,31.79,31.83,30.79,30.89,29.86,1163400
19/05/2022,30.76,31.11,30.49,30.79,29.76,1045600
20/05/2022,31.04,31.26,30.58,30.94,29.91,1005100
23/05/2022,31.41,31.82,30.83,31.62,30.56,1718300
24/05/2022,31.41,31.41,29.83,30.0,29.0,1861600
25/05/2022,29.98,30.95,29.98,30.77,29.74,1204600
26/05/2022,30.89,31.87,30.83,31.81,30.75,934100
27/05/2022,31.85,32.75,31.75,32.69,31.6,872700
31/05/2022,32.72,32.88,32.4,32.71,31.62,2440800
01/06/2022,32.9,32.99,31.58,32.15,31.08,1729600
02/06/2022,31.89,32.21,31.29,31.86,30.8,944300
03/06/2022,31.66,31.86,31.43,31.65,30.59,745400
06/06/2022,31.83,31.93,31.41,31.59,30.54,899300
07/06/2022,31.3,32.11,31.21,32.04,30.97,774800
08/06/2022,31.81,32.31,31.43,31.49,30.44,846300
09/06/2022,31.45,31.56,30.96,30.98,29.95,598600
10/06/2022,30.58,30.71,30.02,30.03,29.03,1215100
13/06/2022,29.7,29.7,28.99,29.21,28.23,1551600
14/06/2022,29.23,29.9,29.07,29.65,28.66,1091000
15/06/2022,29.88,30.88,29.79,30.44,29.42,1421600
16/06/2022,29.85,30.14,29.2,29.8,28.8,1525400
17/06/2022,29.78,30.34,29.53,29.69,28.7,2507000
21/06/2022,29.87,30.58,29.79,30.14,29.13,2009300
22/06/2022,29.85,30.12,29.48,29.72,28.73,1309700
23/06/2022,29.74,29.83,29.28,29.67,28.68,1026100
24/06/2022,29.92,30.65,29.78,30.35,29.34,1395200
27/06/2022,30.42,30.58,30.1,30.52,29.5,604800
28/06/2022,30.59,30.94,30.19,30.22,29.21,799400
29/06/2022,30.25,30.41,29.58,30.14,29.13,677400
30/06/2022,29.93,30.27,29.52,29.7,28.71,848100
01/07/2022,29.52,30.61,29.52,30.59,29.57,630200
05/07/2022,30.15,30.63,29.71,30.63,29.61,862600
06/07/2022,30.7,31.03,30.03,30.57,29.55,1238800
07/07/2022,30.69,31.1,30.6,30.82,29.79,960800
08/07/2022,30.93,31.09,30.48,30.63,29.61,881800
11/07/2022,30.44,30.56,30.07,30.28,29.27,772700
12/07/2022,30.11,31.01,30.11,30.62,29.6,825100
13/07/2022,30.36,30.52,29.49,30.37,29.36,1199500
14/07/2022,30.03,30.17,29.74,30.02,29.02,640600
15/07/2022,30.45,31.06,30.3,31.03,29.99,642300
18/07/2022,30.75,31.14,30.31,30.73,29.7,1142500
19/07/2022,31.13,31.72,31.09,31.65,30.59,612800
20/07/2022,31.76,32.32,31.58,32.17,31.1,724900
21/07/2022,32.23,32.42,31.88,32.42,31.34,824200
22/07/2022,32.4,32.76,32.2,32.57,31.48,533200
25/07/2022,32.76,32.97,32.46,32.65,31.56,738500
26/07/2022,32.42,32.58,31.33,31.57,30.52,527100
27/07/2022,31.81,32.16,31.54,32.1,31.03,1312100
28/07/2022,32.06,32.42,31.55,32.37,31.29,431900
29/07/2022,32.28,32.33,30.73,30.9,29.87,1357000
01/08/2022,30.79,31.17,30.63,31.1,30.06,818400
02/08/2022,31.11,31.41,30.86,30.93,29.9,698900
03/08/2022,30.97,31.5,30.92,31.29,30.25,494400
04/08/2022,31.25,31.65,31.03,31.19,30.15,615400
05/08/2022,30.86,31.19,30.6,31.0,29.96,538300
08/08/2022,31.14,31.45,31.01,31.13,30.09,550900
09/08/2022,31.23,31.62,31.06,31.35,30.3,705300
10/08/2022,32.0,32.99,31.85,32.37,31.29,1253400
11/08/2022,32.69,33.75,32.69,33.66,32.54,1615300
12/08/2022,33.76,34.0,33.38,33.75,32.62,998400
15/08/2022,33.49,33.65,33.22,33.57,32.45,1806000
16/08/2022,33.49,33.87,33.38,33.74,32.61,982200
17/08/2022,33.52,33.75,33.26,33.43,32.31,541100
18/08/2022,33.54,33.67,33.12,33.23,32.12,668600
19/08/2022,33.08,33.15,32.73,32.91,31.81,672500
22/08/2022,32.6,32.6,31.83,31.99,30.92,888000
23/08/2022,32.01,32.44,31.69,31.82,30.76,1360900
24/08/2022,31.82,32.4,31.61,32.08,31.01,741100
25/08/2022,32.31,32.4,32.06,32.29,31.21,1275500
26/08/2022,32.33,32.68,31.64,31.72,30.66,1019700
29/08/2022,31.69,31.96,31.33,31.73,30.67,1802400
30/08/2022,31.75,31.85,31.38,31.64,30.83,1528800
31/08/2022,31.7,32.12,31.6,31.62,30.81,1384400
01/09/2022,31.55,31.62,31.21,31.53,30.72,1302900
02/09/2022,31.86,32.03,31.16,31.24,30.44,840900
06/09/2022,31.32,31.32,30.24,30.55,29.76,2810300
07/09/2022,30.52,30.98,30.4,30.87,30.08,1699800
08/09/2022,30.65,30.95,30.14,30.94,30.14,947000
09/09/2022,31.06,32.04,31.06,31.97,31.15,714200
12/09/2022,32.15,32.41,32.03,32.3,31.47,752200
13/09/2022,31.75,31.94,31.04,31.1,30.3,1699400
14/09/2022,31.17,31.17,30.34,31.03,30.23,1810200
15/09/2022,31.03,32.28,31.01,32.03,31.21,1273400
16/09/2022,32.01,32.07,30.82,31.19,30.39,3267800
19/09/2022,31.06,31.98,31.01,31.95,31.13,1201200
20/09/2022,31.8,31.88,31.43,31.7,30.88,1144500
21/09/2022,31.83,31.96,30.39,30.4,29.62,829000
22/09/2022,30.41,30.49,29.87,29.89,29.12,685700
23/09/2022,29.71,29.71,29.02,29.47,28.71,760300
26/09/2022,29.29,29.79,28.87,28.96,28.22,848100
27/09/2022,29.14,29.58,28.57,28.71,27.97,903900
28/09/2022,28.76,29.28,28.57,29.18,28.43,1151100
29/09/2022,28.78,28.87,28.12,28.37,27.64,1244800
30/09/2022,28.48,29.09,28.39,28.5,27.77,1153600
03/10/2022,28.87,29.08,28.39,29.04,28.29,1083400
04/10/2022,29.29,30.07,29.19,29.98,29.21,1452100
05/10/2022,29.61,29.73,29.15,29.25,28.5,869600
06/10/2022,29.61,29.68,28.88,29.01,28.26,899700
07/10/2022,28.85,29.26,28.63,29.11,28.36,3538500
10/10/2022,29.17,29.5,28.86,28.93,28.19,1134800
11/10/2022,28.75,28.88,28.24,28.53,27.8,709200
12/10/2022,28.53,28.68,28.16,28.29,27.56,970600
13/10/2022,27.88,29.44,27.86,29.38,28.62,1212500
14/10/2022,29.5,29.79,29.0,29.16,28.41,1652700
17/10/2022,27.92,28.1,26.54,26.8,26.11,4539100
18/10/2022,27.34,28.09,27.06,27.58,26.87,2080700
19/10/2022,27.47,28.1,27.27,27.66,26.95,1403500
20/10/2022,27.78,27.86,27.32,27.36,26.66,1168700
21/10/2022,27.28,27.9,27.19,27.61,26.9,929000
24/10/2022,27.84,28.02,27.32,27.73,27.02,1196300
25/10/2022,27.7,28.09,27.54,28.0,27.28,1024500
26/10/2022,28.21,28.32,27.22,27.25,26.55,1279900
27/10/2022,27.52,27.57,26.43,26.57,25.89,1304900
28/10/2022,26.79,27.28,26.49,27.21,26.51,1236100
31/10/2022,27.25,27.31,26.9,27.2,26.5,1322600
01/11/2022,28.09,29.46,27.81,28.61,27.87,1495300
02/11/2022,28.41,29.18,28.13,28.17,27.45,1057900
03/11/2022,27.92,28.19,27.59,28.02,27.3,1215800
04/11/2022,28.37,28.52,27.29,27.83,27.11,1116000
07/11/2022,28.11,28.28,27.08,27.44,26.73,1433900
08/11/2022,27.57,28.04,27.24,27.62,26.91,1149100
09/11/2022,27.08,27.15,26.35,26.66,25.97,1581300
10/11/2022,27.57,28.01,27.36,27.7,26.99,1910800
11/11/2022,27.91,28.91,27.76,28.76,28.02,1040600
14/11/2022,28.76,29.37,28.76,28.79,28.05,1267700
15/11/2022,29.0,29.56,28.72,28.99,28.24,1083600
16/11/2022,29.08,29.08,28.28,28.86,28.12,1651600
17/11/2022,28.45,29.0,28.45,28.84,28.1,994700
18/11/2022,29.18,29.29,28.89,29.14,28.39,647700
21/11/2022,29.28,29.34,28.56,28.84,28.1,857500
22/11/2022,28.9,29.24,28.88,29.12,28.37,1380300
23/11/2022,29.16,29.33,28.96,29.25,28.5,1529000
25/11/2022,29.19,29.49,29.17,29.45,28.69,469700
28/11/2022,29.35,29.57,29.04,29.25,28.5,1092700
29/11/2022,29.19,29.95,29.03,29.94,29.17,851800
30/11/2022,29.86,30.58,29.51,30.52,29.74,1423900
01/12/2022,30.62,30.87,29.95,30.28,29.5,984600
02/12/2022,30.0,30.62,29.86,30.61,29.82,1221000
05/12/2022,30.43,30.72,30.09,30.15,29.37,675300
06/12/2022,30.23,30.37,29.08,29.23,28.48,1432200
07/12/2022,29.24,29.24,28.55,28.92,28.18,842000
08/12/2022,29.02,29.73,28.86,29.26,28.51,3296200
09/12/2022,29.26,29.68,29.07,29.41,28.65,1469400
12/12/2022,29.31,29.67,29.17,29.66,28.9,784900
13/12/2022,30.11,30.79,29.88,30.04,29.27,1600900
14/12/2022,29.91,30.37,29.61,29.77,29.0,1229800
15/12/2022,29.32,29.62,28.73,28.74,28.0,1547700
16/12/2022,28.57,28.93,28.47,28.68,27.94,3506700
19/12/2022,28.57,28.62,27.46,27.63,26.92,1602600
20/12/2022,27.61,28.14,27.53,28.1,27.38,1153200
21/12/2022,28.22,28.57,28.15,28.39,27.66,600400
22/12/2022,28.16,28.63,28.08,28.54,27.81,796100
23/12/2022,28.54,28.89,28.54,28.85,28.11,575000
27/12/2022,28.75,28.81,28.36,28.66,27.92,536300
28/12/2022,28.71,28.71,28.15,28.15,27.43,329000
29/12/2022,28.3,28.87,28.24,28.58,27.84,722000
30/12/2022,28.38,28.47,28.06,28.45,27.72,903600
03/01/2023,28.44,28.7,28.15,28.34,27.61,1204100
04/01/2023,28.56,29.42,28.22,29.37,28.61,965400
05/01/2023,29.25,29.33,28.79,28.95,28.21,793300
06/01/2023,29.21,29.87,29.08,29.8,29.03,1127300
09/01/2023,29.8,30.03,29.38,29.4,28.64,2975400
10/01/2023,29.36,30.03,29.3,29.98,29.21,3472700
11/01/2023,30.14,30.21,29.63,30.09,29.32,808200
12/01/2023,30.14,30.39,29.8,30.25,29.47,695000
13/01/2023,30.03,30.42,29.95,30.31,29.53,861300
17/01/2023,30.39,30.49,29.81,29.88,29.11,2225300
18/01/2023,29.9,30.15,29.5,29.52,28.76,574200
19/01/2023,29.33,29.47,28.95,29.41,28.65,998900
20/01/2023,29.53,29.71,29.27,29.71,28.95,1336900
23/01/2023,29.74,30.76,29.68,30.69,29.9,774700
24/01/2023,30.54,30.77,30.41,30.63,29.84,699100
25/01/2023,30.82,31.77,30.51,31.33,30.52,1154600
26/01/2023,31.41,31.79,31.3,31.72,30.9,622800
27/01/2023,31.58,31.8,31.45,31.62,30.81,470400
30/01/2023,31.37,31.62,31.25,31.41,30.6,1144100
31/01/2023,31.54,31.7,31.28,31.7,30.88,590500
01/02/2023,31.44,32.17,31.23,32.01,31.19,827500
02/02/2023,32.01,32.94,31.98,32.71,31.87,709000
03/02/2023,32.41,32.67,32.23,32.3,31.47,1819100
06/02/2023,32.12,32.12,31.56,31.81,30.99,606300
07/02/2023,31.65,31.88,31.2,31.8,30.98,1589500
08/02/2023,33.17,34.31,32.89,33.21,32.36,2001000
09/02/2023,33.55,33.94,33.08,33.21,32.36,1670200
10/02/2023,33.14,33.45,32.94,33.2,32.35,983700
13/02/2023,33.18,33.48,32.88,33.08,32.23,812700
14/02/2023,32.89,33.36,32.76,33.13,32.28,639300
15/02/2023,33.11,34.37,33.03,34.36,33.48,1071400
16/02/2023,33.93,34.42,33.85,33.99,33.12,1065900
17/02/2023,33.99,34.38,33.72,34.22,33.34,1623400
21/02/2023,33.83,34.26,33.34,33.36,32.5,1662500
22/02/2023,33.4,33.85,33.34,33.68,32.81,964700
23/02/2023,33.63,33.93,33.17,33.57,32.71,2852200
24/02/2023,33.05,33.36,32.94,33.06,32.21,815800
27/02/2023,33.24,33.27,32.81,32.85,32.01,1069500
28/02/2023,32.59,32.82,32.09,32.25,31.66,1241100
01/03/2023,32.12,32.21,31.86,32.04,31.46,1440600
02/03/2023,31.99,32.36,31.92,32.3,31.71,1428700
03/03/2023,32.43,32.54,32.08,32.2,31.61,991900
06/03/2023,32.39,32.69,31.95,32.07,31.48,1749300
07/03/2023,32.12,32.38,31.91,31.97,31.39,1000300
08/03/2023,32.0,32.24,31.64,31.84,31.26,1761200
09/03/2023,31.87,32.03,30.61,30.63,30.07,828200
10/03/2023,30.46,30.7,30.16,30.51,29.95,1047800
13/03/2023,30.12,30.38,29.64,29.73,29.19,1949600
14/03/2023,30.14,30.52,29.87,30.19,29.64,1444900
15/03/2023,29.72,30.1,29.58,29.83,29.29,1408500
16/03/2023,29.73,30.33,29.6,30.22,29.67,874600
17/03/2023,30.2,30.36,29.98,30.1,29.55,2422500
20/03/2023,30.1,30.92,30.01,30.7,30.14,882900
21/03/2023,30.96,31.31,30.73,31.03,30.46,1044400
22/03/2023,30.95,31.27,30.56,30.57,30.01,831700
23/03/2023,30.65,31.44,30.65,30.91,30.35,671800
24/03/2023,30.65,30.65,29.58,30.38,29.83,852000
27/03/2023,30.44,31.29,30.44,30.98,30.41,787700
28/03/2023,30.13,30.65,30.07,30.13,29.58,903400
29/03/2023,30.48,30.59,30.27,30.52,29.96,990400
30/03/2023,30.69,31.09,30.68,30.89,30.33,787800
31/03/2023,31.05,31.33,30.97,31.31,30.74,1149400
03/04/2023,31.3,31.57,31.2,31.37,30.8,940800
04/04/2023,31.47,31.63,30.89,31.16,30.59,718000
05/04/2023,30.91,31.13,30.73,31.02,30.45,664600
06/04/2023,30.76,30.93,30.55,30.74,30.18,755600
10/04/2023,30.68,31.23,30.68,31.19,30.62,559700
11/04/2023,31.13,31.69,31.13,31.47,30.9,826900
12/04/2023,31.68,31.79,30.94,31.01,30.44,615200
13/04/2023,31.17,31.33,31.05,31.17,30.6,651600
14/04/2023,31.06,31.22,30.47,30.75,30.19,877000
17/04/2023,30.84,31.27,30.71,31.22,30.65,889100
18/04/2023,31.2,31.37,30.92,31.2,30.63,1725500
19/04/2023,30.75,31.18,30.07,31.06,30.49,1181800
20/04/2023,30.88,31.18,30.74,30.89,30.33,716200
21/04/2023,30.82,30.86,30.26,30.82,30.26,1048700
24/04/2023,30.87,31.02,29.27,29.91,29.36,3620200
25/04/2023,29.73,30.15,29.49,29.72,29.18,1304700
26/04/2023,29.66,30.13,29.63,29.73,29.19,1260500
27/04/2023,29.83,30.19,29.28,30.15,29.6,1044200
28/04/2023,30.0,30.75,30.0,30.54,29.98,1243700
01/05/2023,30.44,30.91,30.4,30.62,30.06,957300
02/05/2023,30.44,30.45,29.83,30.33,29.78,678900
03/05/2023,30.45,30.69,29.95,29.97,29.42,783900
04/05/2023,29.32,29.45,28.53,28.63,28.11,1449400
05/05/2023,28.86,29.49,28.82,29.39,28.85,764800
08/05/2023,29.48,29.69,29.26,29.56,29.02,916400
09/05/2023,29.8,30.45,29.05,29.12,28.59,1377800
10/05/2023,29.51,29.55,28.14,28.64,28.12,1505200
11/05/2023,28.43,28.54,27.79,28.16,27.65,1227500
12/05/2023,28.05,28.32,27.82,28.27,27.75,1131100
15/05/2023,28.23,28.63,28.04,28.62,28.1,1093000
16/05/2023,28.65,28.68,28.17,28.21,27.7,1329900
17/05/2023,28.45,28.96,28.2,28.93,28.4,1030400
18/05/2023,28.84,29.07,28.35,28.7,28.18,973800
19/05/2023,28.77,29.02,28.69,28.92,28.39,1216500
22/05/2023,29.07,29.25,28.79,28.96,28.43,859100
23/05/2023,28.91,29.38,28.91,28.98,28.45,1068100
24/05/2023,28.99,29.07,28.6,28.65,28.13,579700
25/05/2023,28.68,29.08,28.45,28.92,28.39,4625500
26/05/2023,28.97,29.42,28.97,29.25,28.72,1988100
30/05/2023,29.22,29.51,29.13,29.29,28.76,1527100
31/05/2023,29.2,29.35,28.89,29.21,28.68,6428400
01/06/2023,29.27,29.52,28.98,29.2,28.67,1137500
02/06/2023,29.38,29.91,29.36,29.84,29.3,1739600
05/06/2023,29.82,30.11,29.75,30.08,29.53,771300
06/06/2023,30.04,30.55,29.85,30.45,29.89,1437600
07/06/2023,30.64,31.36,30.53,31.18,30.61,939000
08/06/2023,31.1,31.64,31.06,31.62,31.04,671000
09/06/2023,31.69,31.76,31.29,31.4,30.83,1346100
12/06/2023,31.4,31.62,31.16,31.36,30.79,935200
13/06/2023,31.41,31.67,31.13,31.18,30.61,1424100
14/06/2023,31.19,31.67,30.96,31.19,30.62,881700
15/06/2023,31.19,31.69,31.01,31.55,30.97,1076400
16/06/2023,31.58,31.81,31.34,31.5,30.93,1735100
20/06/2023,31.37,31.5,30.87,31.09,30.52,1767000
21/06/2023,31.15,31.21,30.84,31.03,30.46,751400
22/06/2023,31.05,31.06,30.67,30.82,30.26,2049700
23/06/2023,30.64,30.73,30.49,30.63,30.07,1548300
26/06/2023,30.67,31.16,30.64,31.07,30.5,596500
27/06/2023,31.06,32.28,31.06,32.15,31.56,818200
28/06/2023,32.03,32.21,31.85,32.09,31.5,624800
29/06/2023,32.05,32.27,31.89,32.11,31.52,692600
30/06/2023,32.27,32.36,31.79,31.89,31.31,1023500
03/07/2023,31.78,32.24,31.64,32.22,31.63,309100
05/07/2023,32.06,32.29,31.71,32.03,31.45,1310200
06/07/2023,31.77,31.93,31.57,31.85,31.27,654600
07/07/2023,31.72,32.16,31.66,31.92,31.34,984400
10/07/2023,31.37,31.92,31.15,31.61,31.03,1305700
11/07/2023,31.74,31.82,31.55,31.7,31.12,840200
12/07/2023,31.9,32.39,31.61,31.62,31.04,666600
13/07/2023,31.7,31.84,31.3,31.62,31.04,633300
14/07/2023,31.53,31.53,30.89,31.13,30.56,677000
17/07/2023,31.19,31.4,30.94,31.35,30.78,631100
18/07/2023,31.38,32.13,31.38,31.87,31.29,602100
19/07/2023,31.87,32.08,31.42,31.68,31.1,682000
20/07/2023,31.76,31.85,31.45,31.73,31.15,561100
21/07/2023,31.67,31.7,31.3,31.42,30.85,933600
24/07/2023,31.41,31.49,30.9,31.14,30.57,1400900
25/07/2023,31.03,31.28,30.89,30.98,30.41,837300
26/07/2023,30.98,31.35,30.88,31.17,30.6,884600
27/07/2023,31.23,31.56,31.0,31.03,30.46,792100
28/07/2023,31.25,31.4,30.89,31.12,30.55,1222100
31/07/2023,31.18,31.7,31.18,31.41,30.84,655800
01/08/2023,31.4,31.43,31.17,31.23,30.66,531000
02/08/2023,31.18,31.36,31.09,31.26,30.69,686500
03/08/2023,31.3,31.3,30.73,30.99,30.42,1714600
04/08/2023,31.02,31.5,30.79,31.08,30.51,1058900
07/08/2023,31.26,31.39,31.07,31.14,30.57,768500
08/08/2023,32.66,33.02,32.28,32.87,32.27,2407700
09/08/2023,32.79,33.24,32.42,32.53,31.94,1103100
10/08/2023,32.63,32.86,32.09,32.27,31.68,1650300
11/08/2023,32.25,32.71,32.09,32.45,31.86,808600
14/08/2023,32.34,32.44,31.64,31.76,31.18,1046000
15/08/2023,31.6,32.03,31.28,31.9,31.32,721100
16/08/2023,31.76,32.04,31.43,31.46,30.89,881900
17/08/2023,31.54,31.54,30.93,30.93,30.37,975100
18/08/2023,30.89,31.39,30.82,31.29,30.72,723600
21/08/2023,31.14,31.38,30.86,30.99,30.42,738100
22/08/2023,30.89,31.1,30.53,30.59,30.03,990200
23/08/2023,30.61,30.69,30.46,30.64,30.08,1517300
24/08/2023,30.56,30.77,30.17,30.29,29.74,997300
25/08/2023,30.3,30.52,30.0,30.15,29.6,635200
28/08/2023,30.25,30.51,30.19,30.43,29.87,673500
29/08/2023,30.21,30.67,30.18,30.52,30.22,690700
30/08/2023,30.48,30.98,30.46,30.89,30.59,594200
31/08/2023,30.89,31.02,30.44,30.52,30.22,1743900
01/09/2023,30.66,30.66,28.71,28.75,28.47,1418800
05/09/2023,28.64,29.55,28.54,29.05,28.77,1136600
06/09/2023,28.96,29.24,28.8,28.99,28.71,922500
07/09/2023,29.04,29.05,28.4,28.46,28.18,1225600
08/09/2023,28.51,28.91,28.48,28.9,28.62,567000
11/09/2023,28.9,29.75,28.9,29.22,28.93,950600
12/09/2023,29.12,29.67,29.07,29.58,29.29,722100
13/09/2023,29.64,29.73,28.91,28.95,28.67,1176500
14/09/2023,29.23,29.59,29.07,29.52,29.23,1004200
15/09/2023,29.6,29.98,29.25,29.3,29.01,2492900
18/09/2023,29.18,29.31,28.84,29.17,28.88,1285300
19/09/2023,29.18,29.5,29.16,29.41,29.12,1206000
20/09/2023,29.51,29.6,28.71,28.73,28.45,1422300
21/09/2023,28.7,29.76,28.68,29.59,29.3,1589300
22/09/2023,29.52,29.68,28.83,28.85,28.57,1357900
25/09/2023,28.8,28.96,28.49,28.76,28.48,915300
26/09/2023,28.51,28.95,28.36,28.54,28.26,968200
27/09/2023,28.65,28.8,28.2,28.63,28.35,1043200
28/09/2023,28.63,29.21,28.6,28.86,28.58,1010800
29/09/2023,28.84,29.17,28.79,28.88,28.6,965800
02/10/2023,28.87,28.88,28.41,28.57,28.29,976100
03/10/2023,28.42,28.48,28.0,28.03,27.76,1323300
04/10/2023,28.0,28.13,27.62,28.05,27.78,881400
05/10/2023,28.08,28.27,27.68,27.98,27.71,564000
06/10/2023,27.71,28.27,27.69,28.13,27.85,615600
09/10/2023,27.94,28.72,27.86,28.61,28.33,681800
10/10/2023,28.65,29.0,28.64,28.92,28.64,885700
11/10/2023,29.03,29.24,28.68,28.81,28.53,698300
12/10/2023,28.8,28.85,28.3,28.4,28.12,754000
13/10/2023,28.44,28.66,28.4,28.58,28.3,698300
16/10/2023,28.69,29.38,28.69,29.18,28.89,607100
17/10/2023,28.45,29.58,28.45,29.41,29.12,1078800
18/10/2023,29.33,29.5,29.0,29.02,28.74,640200
19/10/2023,29.06,29.18,28.45,28.51,28.23,1110400
20/10/2023,28.61,28.61,28.26,28.3,28.02,837200
23/10/2023,28.29,28.5,28.03,28.07,27.8,804300
24/10/2023,28.2,28.46,27.92,28.08,27.81,943300
25/10/2023,28.03,28.22,27.82,27.83,27.56,804200
26/10/2023,27.82,27.84,27.19,27.44,27.17,1049400
27/10/2023,27.41,27.65,27.05,27.11,26.84,982200
30/10/2023,27.39,27.42,27.05,27.22,26.95,866200
31/10/2023,27.28,27.98,27.28,27.91,27.64,1212400
01/11/2023,28.06,28.08,27.61,27.9,27.63,1518000
02/11/2023,28.2,28.77,26.2,28.45,28.17,1558800
03/11/2023,28.5,29.69,28.38,29.33,29.04,1302400
06/11/2023,29.16,29.31,28.64,28.87,28.59,1207100
07/11/2023,28.83,28.92,28.46,28.49,28.21,1562300
08/11/2023,28.49,28.49,27.99,28.2,27.92,1029700
09/11/2023,28.94,29.05,27.6,27.7,27.43,1519600
10/11/2023,27.76,28.2,27.64,28.08,27.81,804900
13/11/2023,28.08,28.08,27.46,27.57,27.3,1181400
14/11/2023,27.99,28.46,27.99,28.12,27.84,1201000
15/11/2023,28.21,28.57,27.92,28.46,28.18,1312200
16/11/2023,28.51,28.73,27.88,28.14,27.86,8150400
17/11/2023,28.39,28.5,28.19,28.43,28.15,1821300
20/11/2023,28.45,28.79,28.29,28.64,28.36,1878000
21/11/2023,28.7,28.83,28.23,28.29,28.01,2157400
22/11/2023,28.44,28.49,28.15,28.35,28.07,1581400
24/11/2023,28.42,28.59,28.41,28.44,28.16,1046300
27/11/2023,28.39,28.39,28.13,28.24,27.96,2251200
28/11/2023,28.26,28.26,27.85,27.88,27.61,1329600
29/11/2023,28.11,28.11,27.47,27.69,27.42,1813600
30/11/2023,27.66,27.84,27.41,27.66,27.39,4057700
01/12/2023,27.78,28.42,27.66,28.26,27.98,1404900
04/12/2023,28.19,28.42,27.98,28.17,27.89,3508100
05/12/2023,28.05,28.09,27.13,27.46,27.19,2199900
06/12/2023,27.59,27.67,27.22,27.29,27.02,2239700
07/12/2023,27.32,27.61,27.2,27.33,27.06,2187500
08/12/2023,27.4,28.11,27.4,28.01,27.74,1794800
11/12/2023,27.98,28.07,27.62,27.62,27.35,2324100
12/12/2023,27.7,27.7,27.07,27.15,26.88,1944100
13/12/2023,27.09,27.61,26.81,27.61,27.34,2206300
14/12/2023,27.9,28.7,27.85,28.0,27.73,2476000
15/12/2023,28.01,28.17,27.53,27.65,27.38,3902800
18/12/2023,27.79,27.86,27.37,27.63,27.36,2049300
19/12/2023,27.67,27.9,27.55,27.9,27.63,1544400
20/12/2023,27.9,28.0,27.43,27.46,27.19,1904200
21/12/2023,27.6,27.98,27.35,27.89,27.62,1068200
22/12/2023,27.9,28.22,27.59,27.75,27.48,1204800
26/12/2023,27.83,27.9,27.41,27.85,27.58,968400
27/12/2023,27.82,27.88,27.61,27.64,27.37,1297300
28/12/2023,27.7,27.9,27.57,27.7,27.43,852700
29/12/2023,27.67,27.77,27.49,27.65,27.38,1158600
02/01/2024,27.79,28.41,27.46,28.14,27.86,1510700
03/01/2024,28.0,28.29,27.83,27.97,27.7,980700
04/01/2024,28.03,28.11,27.77,27.99,27.72,1257700
05/01/2024,27.99,28.45,27.92,28.1,27.83,1318100
08/01/2024,28.1,28.56,27.97,28.48,28.2,934100
09/01/2024,28.25,28.45,28.12,28.17,27.89,1185300
10/01/2024,27.97,28.57,27.78,28.5,28.22,1283900
11/01/2024,28.48,28.67,28.21,28.62,28.34,1529100
12/01/2024,28.76,28.9,28.52,28.75,28.47,780000
16/01/2024,28.68,28.68,28.21,28.45,28.17,979000
17/01/2024,28.26,28.67,28.16,28.38,28.1,919200
18/01/2024,28.44,28.71,28.21,28.58,28.3,989000
19/01/2024,28.72,28.81,28.33,28.73,28.45,798500
22/01/2024,28.79,29.11,28.78,28.94,28.66,766200
23/01/2024,29.14,29.37,28.92,29.18,28.89,678700
24/01/2024,29.37,29.37,28.97,29.06,28.78,796600
25/01/2024,29.25,29.82,29.25,29.71,29.42,1149100
26/01/2024,29.74,29.89,29.66,29.74,29.45,731500
29/01/2024,29.75,29.94,29.61,29.92,29.63,738100
30/01/2024,29.89,30.0,29.75,29.8,29.51,641900
31/01/2024,29.91,30.41,29.7,30.01,29.72,1813000
01/02/2024,30.01,30.16,29.58,30.12,29.83,927800
02/02/2024,29.86,30.01,29.43,29.56,29.27,1050600
05/02/2024,29.29,29.46,29.16,29.18,28.89,1004100
06/02/2024,29.24,29.55,29.03,29.34,29.05,1037700
07/02/2024,30.5,30.5,27.31,27.44,27.17,2546900
08/02/2024,27.37,27.72,26.41,26.62,26.36,2125000
09/02/2024,26.72,27.58,26.61,27.45,27.18,1916500
12/02/2024,27.46,28.16,27.43,28.01,27.74,1363800
13/02/2024,27.83,27.83,26.97,27.36,27.09,1381400
14/02/2024,27.43,27.86,27.27,27.74,27.47,1097800
15/02/2024,27.81,28.3,27.75,28.14,27.86,1478500
16/02/2024,28.15,28.16,27.78,27.95,27.68,1131100
20/02/2024,27.84,28.01,27.59,27.63,27.36,1216900
21/02/2024,27.61,27.66,27.14,27.46,27.19,1048700
22/02/2024,27.46,27.62,27.22,27.41,27.14,957800
23/02/2024,27.63,27.93,27.25,27.68,27.41,1525100
26/02/2024,27.68,27.79,27.16,27.22,26.95,2275300
27/02/2024,27.29,27.41,27.04,27.11,26.84,1372500
28/02/2024,27.01,27.13,26.87,26.96,26.7,1629500
29/02/2024,27.16,27.52,27.05,27.38,27.11,3000200
01/03/2024,27.43,27.52,26.84,26.99,26.73,1286300
04/03/2024,26.95,26.95,26.04,26.57,26.31,1595500
05/03/2024,26.19,26.78,26.01,26.33,26.33,2031600
06/03/2024,26.34,26.53,25.82,25.9,25.9,1577700
07/03/2024,25.9,26.17,25.87,26.11,26.11,1239500
08/03/2024,26.16,26.42,26.1,26.32,26.32,1385900
11/03/2024,26.45,27.42,26.42,27.23,27.23,1197700
12/03/2024,27.34,27.34,26.74,26.83,26.83,1216600
13/03/2024,26.85,27.32,26.85,27.09,27.09,1786100
14/03/2024,27.04,27.06,26.56,26.71,26.71,1548000
15/03/2024,26.73,27.19,26.61,26.89,26.89,3017900
18/03/2024,26.95,27.22,26.73,27.0,27.0,1771400
19/03/2024,27.04,27.34,26.95,27.1,27.1,1730100
20/03/2024,27.1,27.72,26.92,27.58,27.58,1371200
21/03/2024,27.71,27.83,27.39,27.79,27.79,1051800
22/03/2024,27.84,27.97,27.2,27.32,27.32,846900
25/03/2024,27.48,27.69,27.31,27.54,27.54,1105600
26/03/2024,27.58,28.12,27.49,27.95,27.95,1767800
27/03/2024,28.05,28.64,28.02,28.6,28.6,1649700
28/03/2024,28.65,28.74,28.39,28.62,28.62,1173800
01/04/2024,28.67,28.69,28.26,28.59,28.59,995100
02/04/2024,28.52,28.98,28.37,28.42,28.42,1597500
03/04/2024,28.42,28.77,28.25,28.71,28.71,1369600
04/04/2024,28.88,29.08,28.37,28.42,28.42,1199700
05/04/2024,28.51,28.7,28.33,28.45,28.45,2077100
