Date,Open,High,Low,Close,Adj Close,Volume
19/07/2018,1.6,1.75,1.6,1.75,1.75,600
20/07/2018,2.0,2.0,1.75,1.87,1.87,1600
23/07/2018,2.0,5.0,2.0,2.8,2.8,9200
24/07/2018,4.0,4.65,2.74,2.86,2.86,2500
25/07/2018,2.86,2.86,2.86,2.86,2.86,0
26/07/2018,2.75,2.77,2.75,2.77,2.77,2400
27/07/2018,2.88,2.88,2.7,2.7,2.7,1500
30/07/2018,2.7,2.7,2.7,2.7,2.7,300
31/07/2018,2.73,2.73,2.7,2.7,2.7,700
01/08/2018,2.71,2.71,2.7,2.7,2.7,1100
02/08/2018,2.75,2.82,2.7,2.82,2.82,3300
03/08/2018,2.82,2.88,2.82,2.88,2.88,500
06/08/2018,2.88,2.88,2.88,2.88,2.88,5300
07/08/2018,2.88,2.88,2.88,2.88,2.88,0
08/08/2018,2.88,2.88,2.88,2.88,2.88,0
09/08/2018,2.88,2.88,2.88,2.88,2.88,0
10/08/2018,2.88,2.88,2.88,2.88,2.88,0
13/08/2018,2.88,2.88,2.88,2.88,2.88,0
14/08/2018,2.88,2.88,2.88,2.88,2.88,0
15/08/2018,2.88,2.88,2.88,2.88,2.88,0
16/08/2018,2.88,2.88,2.88,2.88,2.88,0
17/08/2018,2.88,2.88,2.88,2.88,2.88,0
20/08/2018,2.88,2.88,2.88,2.88,2.88,0
21/08/2018,2.88,2.88,2.88,2.88,2.88,0
22/08/2018,2.88,2.88,2.88,2.88,2.88,0
23/08/2018,2.01,2.8,2.01,2.8,2.8,200
24/08/2018,2.8,2.8,2.8,2.8,2.8,0
27/08/2018,2.8,2.8,2.8,2.8,2.8,0
28/08/2018,2.8,2.8,2.8,2.8,2.8,0
29/08/2018,2.8,2.8,2.8,2.8,2.8,0
30/08/2018,2.7,2.7,2.7,2.7,2.7,200
31/08/2018,2.7,2.7,2.01,2.7,2.7,1000
04/09/2018,2.7,2.7,2.7,2.7,2.7,0
05/09/2018,2.7,2.7,2.7,2.7,2.7,0
06/09/2018,2.7,2.7,2.7,2.7,2.7,0
07/09/2018,2.7,2.7,2.7,2.7,2.7,0
10/09/2018,2.69,2.69,2.69,2.69,2.69,100
11/09/2018,2.69,2.69,2.69,2.69,2.69,0
12/09/2018,2.69,2.69,2.69,2.69,2.69,0
13/09/2018,2.69,2.69,2.69,2.69,2.69,0
14/09/2018,2.69,2.69,2.69,2.69,2.69,0
17/09/2018,2.15,2.7,2.15,2.7,2.7,15200
18/09/2018,2.7,2.7,2.7,2.7,2.7,0
19/09/2018,2.7,2.7,2.7,2.7,2.7,0
20/09/2018,2.7,2.7,2.7,2.7,2.7,0
21/09/2018,2.7,2.7,2.7,2.7,2.7,100
24/09/2018,2.7,2.7,2.7,2.7,2.7,0
25/09/2018,2.7,2.7,2.7,2.7,2.7,0
26/09/2018,2.7,2.7,2.7,2.7,2.7,0
27/09/2018,2.7,2.7,2.7,2.7,2.7,0
28/09/2018,2.7,2.7,2.7,2.7,2.7,0
01/10/2018,2.7,2.7,2.7,2.7,2.7,0
02/10/2018,2.7,2.7,2.7,2.7,2.7,0
03/10/2018,2.7,2.7,2.7,2.7,2.7,0
04/10/2018,2.7,2.7,2.7,2.7,2.7,0
05/10/2018,2.7,2.7,2.7,2.7,2.7,0
08/10/2018,2.7,2.7,2.7,2.7,2.7,0
09/10/2018,2.7,2.7,2.7,2.7,2.7,0
10/10/2018,2.7,2.7,2.7,2.7,2.7,0
11/10/2018,2.7,2.7,2.7,2.7,2.7,0
12/10/2018,2.7,2.7,2.7,2.7,2.7,0
15/10/2018,2.7,2.7,2.7,2.7,2.7,0
16/10/2018,2.7,4.0,2.7,3.2,3.2,1400
17/10/2018,3.2,3.2,3.2,3.2,3.2,0
18/10/2018,3.2,3.2,3.2,3.2,3.2,400
19/10/2018,3.2,3.2,3.2,3.2,3.2,200
22/10/2018,3.25,3.25,3.25,3.25,3.25,100
23/10/2018,3.25,3.25,3.25,3.25,3.25,0
24/10/2018,3.25,3.25,3.25,3.25,3.25,0
25/10/2018,3.2,3.2,3.2,3.2,3.2,400
26/10/2018,3.2,3.2,3.2,3.2,3.2,0
29/10/2018,3.45,4.25,3.45,4.25,4.25,2600
30/10/2018,4.25,4.25,4.25,4.25,4.25,500
31/10/2018,3.0,3.49,3.0,3.49,3.49,400
01/11/2018,3.49,3.49,3.49,3.49,3.49,0
02/11/2018,3.49,3.49,3.49,3.49,3.49,100
05/11/2018,3.49,3.49,3.49,3.49,3.49,0
06/11/2018,3.49,3.49,3.49,3.49,3.49,100
07/11/2018,3.49,3.49,3.49,3.49,3.49,0
08/11/2018,3.49,3.49,3.49,3.49,3.49,0
09/11/2018,2.5,2.6,2.25,2.6,2.6,1700
12/11/2018,2.6,2.6,2.6,2.6,2.6,0
13/11/2018,2.4,2.4,2.39,2.4,2.4,10800
14/11/2018,2.4,2.4,2.39,2.39,2.39,400
15/11/2018,2.39,2.39,2.39,2.39,2.39,0
16/11/2018,2.4,2.4,2.4,2.4,2.4,400
19/11/2018,2.4,2.4,2.4,2.4,2.4,100
20/11/2018,2.4,2.4,2.4,2.4,2.4,0
21/11/2018,2.4,2.4,2.4,2.4,2.4,0
23/11/2018,2.4,2.4,2.4,2.4,2.4,0
26/11/2018,2.4,2.4,2.4,2.4,2.4,200
27/11/2018,2.4,2.4,2.4,2.4,2.4,0
28/11/2018,2.4,2.4,2.4,2.4,2.4,0
29/11/2018,2.4,2.4,2.4,2.4,2.4,0
30/11/2018,2.4,2.4,2.4,2.4,2.4,0
03/12/2018,2.4,2.4,2.4,2.4,2.4,0
04/12/2018,2.4,2.4,2.4,2.4,2.4,0
06/12/2018,2.4,2.4,2.4,2.4,2.4,100
07/12/2018,2.4,2.4,2.4,2.4,2.4,0
10/12/2018,2.4,2.4,2.4,2.4,2.4,0
11/12/2018,2.4,2.4,2.4,2.4,2.4,0
12/12/2018,2.4,2.4,2.4,2.4,2.4,0
13/12/2018,2.4,2.4,2.4,2.4,2.4,200
14/12/2018,2.4,2.6,2.4,2.6,2.6,2400
17/12/2018,2.4,2.4,2.4,2.4,2.4,500
18/12/2018,2.6,2.6,2.55,2.55,2.55,400
19/12/2018,2.6,2.6,2.6,2.6,2.6,100
20/12/2018,2.6,2.6,2.6,2.6,2.6,0
21/12/2018,2.38,2.4,2.38,2.4,2.4,1500
24/12/2018,2.6,2.7,2.6,2.7,2.7,400
26/12/2018,2.7,2.7,2.7,2.7,2.7,0
27/12/2018,2.7,2.7,2.7,2.7,2.7,0
28/12/2018,2.7,2.7,2.7,2.7,2.7,0
31/12/2018,2.6,2.6,2.6,2.6,2.6,100
02/01/2019,2.6,2.6,2.6,2.6,2.6,0
03/01/2019,2.6,2.6,2.6,2.6,2.6,0
04/01/2019,2.5,2.6,2.5,2.6,2.6,2100
07/01/2019,2.6,2.6,2.6,2.6,2.6,200
08/01/2019,2.6,2.6,2.6,2.6,2.6,0
09/01/2019,2.6,2.6,2.6,2.6,2.6,0
10/01/2019,2.6,2.6,2.6,2.6,2.6,0
11/01/2019,2.58,2.58,2.58,2.58,2.58,200
14/01/2019,2.58,2.58,2.58,2.58,2.58,0
15/01/2019,2.6,2.6,2.6,2.6,2.6,2300
16/01/2019,2.6,2.6,2.6,2.6,2.6,0
17/01/2019,2.6,2.6,2.6,2.6,2.6,0
18/01/2019,2.6,2.6,2.6,2.6,2.6,1000
22/01/2019,2.6,2.68,2.6,2.68,2.68,1400
23/01/2019,2.68,2.68,2.68,2.68,2.68,0
24/01/2019,2.68,2.68,2.68,2.68,2.68,1100
25/01/2019,2.68,2.68,2.68,2.68,2.68,0
28/01/2019,2.68,2.68,2.68,2.68,2.68,0
29/01/2019,2.65,2.65,2.65,2.65,2.65,400
30/01/2019,2.65,2.65,2.65,2.65,2.65,0
31/01/2019,2.65,2.65,2.65,2.65,2.65,0
01/02/2019,2.65,2.65,2.65,2.65,2.65,0
04/02/2019,2.66,2.7,2.66,2.7,2.7,200
05/02/2019,2.7,2.7,2.7,2.7,2.7,100
06/02/2019,2.7,2.7,2.7,2.7,2.7,0
07/02/2019,2.7,2.7,2.7,2.7,2.7,0
08/02/2019,2.7,2.7,2.7,2.7,2.7,0
11/02/2019,2.65,4.0,2.65,4.0,4.0,200
12/02/2019,3.8,3.8,3.8,3.8,3.8,100
13/02/2019,3.8,3.8,3.8,3.8,3.8,0
14/02/2019,3.8,3.8,3.8,3.8,3.8,0
15/02/2019,3.8,3.8,3.8,3.8,3.8,0
19/02/2019,3.8,3.8,3.8,3.8,3.8,0
20/02/2019,3.0,3.79,1.76,3.79,3.79,2900
21/02/2019,3.5,3.5,1.76,3.44,3.44,1600
22/02/2019,3.45,3.45,3.0,3.15,3.15,300
25/02/2019,3.15,3.15,3.15,3.15,3.15,0
26/02/2019,3.15,3.15,3.15,3.15,3.15,0
27/02/2019,2.96,2.96,2.5,2.5,2.5,300
28/02/2019,2.0,3.95,2.0,2.0,2.0,2100
01/03/2019,2.0,2.0,1.99,2.0,2.0,400
04/03/2019,2.0,2.0,2.0,2.0,2.0,800
05/03/2019,2.06,2.45,2.06,2.45,2.45,500
06/03/2019,2.5,2.55,2.5,2.5,2.5,11900
07/03/2019,2.5,2.5,2.5,2.5,2.5,0
08/03/2019,2.5,2.5,2.5,2.5,2.5,0
11/03/2019,2.5,2.5,2.5,2.5,2.5,0
12/03/2019,2.5,2.5,2.5,2.5,2.5,0
13/03/2019,2.5,2.5,2.5,2.5,2.5,0
14/03/2019,2.5,2.5,2.5,2.5,2.5,100
15/03/2019,2.5,2.5,2.5,2.5,2.5,300
18/03/2019,2.5,2.5,2.5,2.5,2.5,0
19/03/2019,2.5,2.5,2.5,2.5,2.5,0
20/03/2019,2.5,2.5,2.5,2.5,2.5,800
21/03/2019,2.5,2.5,2.5,2.5,2.5,0
22/03/2019,2.0,2.5,2.0,2.5,2.5,300
25/03/2019,2.5,2.5,2.5,2.5,2.5,0
26/03/2019,2.5,2.5,2.5,2.5,2.5,0
27/03/2019,2.5,2.5,2.5,2.5,2.5,0
28/03/2019,2.5,2.5,2.5,2.5,2.5,0
29/03/2019,2.5,2.5,2.5,2.5,2.5,0
01/04/2019,2.5,2.5,2.5,2.5,2.5,0
02/04/2019,2.25,2.25,2.25,2.25,2.25,200
03/04/2019,2.25,2.25,2.25,2.25,2.25,1500
04/04/2019,2.25,2.25,2.25,2.25,2.25,0
05/04/2019,2.24,2.24,2.24,2.24,2.24,600
08/04/2019,2.24,2.24,2.24,2.24,2.24,0
09/04/2019,2.24,2.24,2.24,2.24,2.24,0
10/04/2019,2.2,2.2,2.2,2.2,2.2,1000
11/04/2019,2.2,2.2,2.2,2.2,2.2,0
12/04/2019,2.2,2.2,2.2,2.2,2.2,0
15/04/2019,2.2,2.2,2.2,2.2,2.2,300
16/04/2019,2.2,2.2,2.2,2.2,2.2,0
17/04/2019,2.2,2.2,2.2,2.2,2.2,0
18/04/2019,2.2,2.2,2.2,2.2,2.2,0
22/04/2019,2.2,2.2,2.2,2.2,2.2,0
23/04/2019,1.76,1.76,1.76,1.76,1.76,100
24/04/2019,2.15,2.15,2.15,2.15,2.15,500
25/04/2019,2.15,2.15,2.15,2.15,2.15,100
26/04/2019,2.15,2.15,2.15,2.15,2.15,0
29/04/2019,2.15,2.15,2.15,2.15,2.15,0
30/04/2019,2.15,2.15,2.15,2.15,2.15,0
01/05/2019,2.15,2.15,2.15,2.15,2.15,0
02/05/2019,2.0,2.0,2.0,2.0,2.0,600
03/05/2019,2.0,2.0,2.0,2.0,2.0,100
06/05/2019,2.0,2.0,2.0,2.0,2.0,0
07/05/2019,2.0,2.0,2.0,2.0,2.0,0
08/05/2019,2.0,2.0,2.0,2.0,2.0,0
09/05/2019,2.0,2.0,2.0,2.0,2.0,0
10/05/2019,2.0,2.0,2.0,2.0,2.0,100
13/05/2019,2.0,2.0,2.0,2.0,2.0,0
14/05/2019,2.05,2.15,2.05,2.1,2.1,1800
15/05/2019,2.0,2.0,2.0,2.0,2.0,200
16/05/2019,1.76,2.0,1.76,2.0,2.0,200
17/05/2019,2.0,2.0,2.0,2.0,2.0,0
20/05/2019,2.0,2.0,2.0,2.0,2.0,0
21/05/2019,1.99,1.99,1.99,1.99,1.99,100
22/05/2019,1.99,1.99,1.99,1.99,1.99,0
23/05/2019,1.99,1.99,1.99,1.99,1.99,0
24/05/2019,1.99,1.99,1.99,1.99,1.99,100
28/05/2019,1.99,1.99,1.99,1.99,1.99,0
29/05/2019,1.99,1.99,1.99,1.99,1.99,0
30/05/2019,1.99,1.99,1.99,1.99,1.99,300
31/05/2019,1.99,1.99,1.99,1.99,1.99,0
03/06/2019,1.99,1.99,1.99,1.99,1.99,100
04/06/2019,2.0,2.0,2.0,2.0,2.0,100
05/06/2019,2.0,2.0,2.0,2.0,2.0,0
06/06/2019,2.0,2.0,2.0,2.0,2.0,0
07/06/2019,1.9,1.9,1.9,1.9,1.9,100
10/06/2019,1.9,1.9,1.9,1.9,1.9,100
11/06/2019,1.9,1.9,1.9,1.9,1.9,300
12/06/2019,1.9,1.9,1.9,1.9,1.9,300
13/06/2019,1.89,1.89,1.89,1.89,1.89,200
14/06/2019,1.89,1.89,1.89,1.89,1.89,0
17/06/2019,1.89,1.89,1.89,1.89,1.89,0
18/06/2019,1.89,1.89,1.89,1.89,1.89,0
19/06/2019,2.0,2.0,2.0,2.0,2.0,500
20/06/2019,2.0,2.0,2.0,2.0,2.0,100
21/06/2019,1.8,1.8,1.8,1.8,1.8,300
24/06/2019,1.8,1.8,1.8,1.8,1.8,0
25/06/2019,1.9,1.9,1.85,1.85,1.85,400
26/06/2019,1.85,1.85,1.85,1.85,1.85,0
27/06/2019,1.85,1.85,1.85,1.85,1.85,0
28/06/2019,1.85,1.88,1.85,1.88,1.88,200
01/07/2019,1.88,1.88,1.88,1.88,1.88,0
02/07/2019,1.88,1.88,1.88,1.88,1.88,0
03/07/2019,1.88,1.88,1.88,1.88,1.88,0
05/07/2019,1.88,1.88,1.88,1.88,1.88,0
08/07/2019,1.88,1.88,1.88,1.88,1.88,0
09/07/2019,1.88,1.88,1.88,1.88,1.88,0
10/07/2019,1.88,1.88,1.88,1.88,1.88,0
11/07/2019,1.88,1.88,1.88,1.88,1.88,0
12/07/2019,1.88,1.88,1.88,1.88,1.88,0
15/07/2019,1.88,1.88,1.88,1.88,1.88,0
16/07/2019,1.88,1.88,1.88,1.88,1.88,0
17/07/2019,1.88,1.88,1.88,1.88,1.88,0
18/07/2019,1.88,1.88,1.88,1.88,1.88,0
19/07/2019,1.88,1.88,1.88,1.88,1.88,0
22/07/2019,1.88,1.88,1.88,1.88,1.88,0
23/07/2019,1.88,1.88,1.88,1.88,1.88,0
24/07/2019,1.88,1.88,1.88,1.88,1.88,0
25/07/2019,1.88,1.88,1.88,1.88,1.88,0
26/07/2019,1.88,1.88,1.88,1.88,1.88,0
29/07/2019,1.7,1.7,1.7,1.7,1.7,200
30/07/2019,1.7,1.7,1.7,1.7,1.7,200
31/07/2019,1.7,1.7,1.7,1.7,1.7,200
01/08/2019,1.7,1.7,1.7,1.7,1.7,200
02/08/2019,1.7,1.7,1.7,1.7,1.7,200
05/08/2019,1.7,1.7,1.7,1.7,1.7,100
06/08/2019,1.7,1.7,1.7,1.7,1.7,100
07/08/2019,1.7,1.7,1.7,1.7,1.7,100
08/08/2019,1.7,1.7,1.7,1.7,1.7,0
09/08/2019,1.7,1.7,1.7,1.7,1.7,100
12/08/2019,1.7,1.7,1.7,1.7,1.7,100
13/08/2019,1.7,1.7,1.7,1.7,1.7,100
14/08/2019,1.7,1.7,1.7,1.7,1.7,100
15/08/2019,1.7,1.7,1.7,1.7,1.7,100
16/08/2019,1.7,1.7,1.7,1.7,1.7,0
19/08/2019,1.7,1.7,1.7,1.7,1.7,0
20/08/2019,1.7,1.7,1.7,1.7,1.7,0
21/08/2019,1.7,1.7,1.7,1.7,1.7,1600
22/08/2019,1.7,1.7,1.7,1.7,1.7,0
23/08/2019,1.7,1.7,1.7,1.7,1.7,0
26/08/2019,1.7,1.7,1.7,1.7,1.7,0
27/08/2019,1.7,1.7,1.7,1.7,1.7,0
28/08/2019,1.7,1.7,1.7,1.7,1.7,0
29/08/2019,1.65,1.7,1.65,1.7,1.7,2500
30/08/2019,1.7,1.7,1.7,1.7,1.7,0
03/09/2019,1.7,1.7,1.7,1.7,1.7,200
04/09/2019,1.6,1.64,1.6,1.64,1.64,900
05/09/2019,1.64,1.64,1.64,1.64,1.64,0
06/09/2019,1.65,1.7,1.65,1.7,1.7,4300
09/09/2019,1.65,1.65,1.65,1.65,1.65,200
10/09/2019,1.63,1.63,1.63,1.63,1.63,200
11/09/2019,1.63,1.63,1.63,1.63,1.63,0
12/09/2019,1.6,1.6,1.6,1.6,1.6,200
13/09/2019,1.6,1.6,1.6,1.6,1.6,100
16/09/2019,1.6,1.6,1.6,1.6,1.6,0
17/09/2019,1.6,1.6,1.6,1.6,1.6,0
18/09/2019,1.5,1.7,1.1,1.7,1.7,500
19/09/2019,1.7,1.7,1.7,1.7,1.7,0
20/09/2019,1.35,1.7,1.35,1.7,1.7,600
23/09/2019,1.7,1.7,1.7,1.7,1.7,100
24/09/2019,1.7,1.7,1.7,1.7,1.7,0
25/09/2019,1.6,1.89,1.6,1.65,1.65,18400
26/09/2019,1.65,1.65,1.65,1.65,1.65,200
27/09/2019,1.65,1.65,1.65,1.65,1.65,0
30/09/2019,1.65,1.65,1.65,1.65,1.65,0
01/10/2019,1.65,1.65,1.65,1.65,1.65,0
02/10/2019,1.65,1.65,1.65,1.65,1.65,0
03/10/2019,1.65,1.65,1.65,1.65,1.65,0
04/10/2019,2.0,2.0,2.0,2.0,2.0,100
07/10/2019,1.39,1.65,1.39,1.65,1.65,500
08/10/2019,1.65,1.65,1.65,1.65,1.65,100
09/10/2019,1.65,1.65,1.65,1.65,1.65,100
10/10/2019,1.6,1.7,1.6,1.7,1.7,800
11/10/2019,1.7,1.7,1.7,1.7,1.7,100
14/10/2019,1.7,1.7,1.7,1.7,1.7,0
15/10/2019,1.7,1.7,1.7,1.7,1.7,0
16/10/2019,1.7,1.7,1.7,1.7,1.7,0
17/10/2019,1.7,1.7,1.7,1.7,1.7,0
18/10/2019,1.7,1.7,1.7,1.7,1.7,0
21/10/2019,1.7,1.7,1.7,1.7,1.7,0
22/10/2019,1.7,1.7,1.7,1.7,1.7,1000
23/10/2019,1.71,1.71,1.7,1.7,1.7,1600
24/10/2019,1.75,1.75,1.75,1.75,1.75,2200
25/10/2019,1.75,1.75,1.75,1.75,1.75,1700
28/10/2019,1.7,1.7,1.6,1.6,1.6,3000
29/10/2019,1.6,1.7,1.6,1.7,1.7,1300
30/10/2019,1.75,1.75,1.65,1.7,1.7,1700
31/10/2019,1.7,1.7,1.65,1.7,1.7,2600
01/11/2019,1.7,1.7,1.7,1.7,1.7,3900
04/11/2019,1.73,1.75,1.25,1.7,1.7,5100
05/11/2019,1.67,1.82,1.67,1.82,1.82,3500
06/11/2019,1.82,1.86,1.82,1.86,1.86,1300
07/11/2019,1.87,1.87,1.76,1.76,1.76,500
08/11/2019,1.7,1.7,1.7,1.7,1.7,300
11/11/2019,1.7,1.7,1.7,1.7,1.7,300
12/11/2019,1.7,1.7,1.7,1.7,1.7,300
13/11/2019,1.65,1.65,1.65,1.65,1.65,500
14/11/2019,1.6,1.6,1.55,1.6,1.6,1100
15/11/2019,1.65,1.65,1.64,1.64,1.64,700
18/11/2019,1.7,1.7,1.69,1.7,1.7,700
19/11/2019,1.78,1.79,1.7,1.75,1.75,1500
20/11/2019,1.75,1.75,1.75,1.75,1.75,200
21/11/2019,1.7,1.7,1.68,1.7,1.7,700
22/11/2019,1.6,1.62,1.59,1.62,1.62,500
25/11/2019,1.65,1.65,1.65,1.65,1.65,600
26/11/2019,1.59,1.59,1.59,1.59,1.59,300
27/11/2019,1.58,1.58,1.58,1.58,1.58,100
29/11/2019,1.58,1.58,1.58,1.58,1.58,0
02/12/2019,1.55,1.58,1.55,1.58,1.58,300
03/12/2019,1.59,1.63,1.59,1.63,1.63,1000
04/12/2019,1.62,1.63,1.6,1.63,1.63,4200
05/12/2019,1.63,1.63,1.63,1.63,1.63,300
06/12/2019,1.61,1.65,1.61,1.65,1.65,1500
09/12/2019,1.65,1.65,1.63,1.65,1.65,600
10/12/2019,1.67,1.67,1.67,1.67,1.67,100
11/12/2019,1.67,1.67,1.67,1.67,1.67,200
12/12/2019,1.6,1.6,1.6,1.6,1.6,200
13/12/2019,1.58,1.6,1.58,1.6,1.6,1500
16/12/2019,1.58,1.58,1.58,1.58,1.58,1000
17/12/2019,1.5,1.5,1.5,1.5,1.5,200
18/12/2019,1.59,1.59,1.59,1.59,1.59,100
19/12/2019,1.59,1.59,1.59,1.59,1.59,0
20/12/2019,1.59,1.59,1.59,1.59,1.59,0
23/12/2019,1.55,1.55,1.5,1.5,1.5,700
24/12/2019,1.5,1.5,1.5,1.5,1.5,0
26/12/2019,1.5,1.5,1.5,1.5,1.5,0
27/12/2019,1.5,1.5,1.5,1.5,1.5,0
30/12/2019,1.5,1.5,1.5,1.5,1.5,0
31/12/2019,1.5,1.5,1.5,1.5,1.5,0
02/01/2020,1.5,1.5,1.5,1.5,1.5,500
03/01/2020,1.5,1.5,1.5,1.5,1.5,0
06/01/2020,1.5,1.5,1.5,1.5,1.5,0
07/01/2020,1.5,1.5,1.5,1.5,1.5,0
08/01/2020,1.5,1.5,1.5,1.5,1.5,0
09/01/2020,1.5,1.5,1.5,1.5,1.5,0
10/01/2020,1.5,1.5,1.5,1.5,1.5,0
13/01/2020,1.41,1.46,1.41,1.46,1.46,300
14/01/2020,1.25,1.46,1.25,1.46,1.46,200
15/01/2020,1.46,1.46,1.46,1.46,1.46,0
16/01/2020,1.45,1.45,1.45,1.45,1.45,100
17/01/2020,1.45,1.45,1.45,1.45,1.45,0
21/01/2020,1.45,1.45,1.45,1.45,1.45,0
22/01/2020,1.45,1.45,1.45,1.45,1.45,0
23/01/2020,1.42,1.46,1.42,1.46,1.46,2700
24/01/2020,1.46,1.46,1.46,1.46,1.46,0
27/01/2020,1.46,1.46,1.46,1.46,1.46,0
28/01/2020,1.46,1.46,1.46,1.46,1.46,0
29/01/2020,1.46,1.46,1.46,1.46,1.46,0
30/01/2020,1.46,1.46,1.46,1.46,1.46,0
31/01/2020,1.46,1.46,1.46,1.46,1.46,0
03/02/2020,1.46,1.46,1.46,1.46,1.46,0
04/02/2020,1.46,1.46,1.46,1.46,1.46,0
05/02/2020,1.41,1.41,1.41,1.41,1.41,200
06/02/2020,1.41,1.41,1.4,1.4,1.4,2100
07/02/2020,1.1,1.25,1.1,1.25,1.25,2500
10/02/2020,1.25,1.25,1.25,1.25,1.25,0
11/02/2020,1.25,1.25,1.25,1.25,1.25,0
12/02/2020,1.25,1.32,0.75,1.32,1.32,3300
13/02/2020,1.32,1.32,1.32,1.32,1.32,0
14/02/2020,1.32,1.32,1.32,1.32,1.32,0
18/02/2020,1.32,1.32,1.32,1.32,1.32,0
19/02/2020,1.2,1.2,1.2,1.2,1.2,200
20/02/2020,1.2,1.25,1.15,1.25,1.25,5600
21/02/2020,1.2,1.2,1.2,1.2,1.2,3500
24/02/2020,1.23,1.25,1.23,1.25,1.25,1700
25/02/2020,1.24,1.29,1.24,1.29,1.29,400
26/02/2020,1.21,1.3,1.21,1.3,1.3,2400
27/02/2020,1.2,1.3,0.8,1.3,1.3,1200
28/02/2020,1.21,1.3,1.2,1.3,1.3,1500
02/03/2020,1.3,1.3,1.3,1.3,1.3,0
03/03/2020,1.3,1.3,1.3,1.3,1.3,0
04/03/2020,1.2,1.2,1.2,1.2,1.2,500
05/03/2020,1.2,1.2,1.2,1.2,1.2,1200
06/03/2020,1.2,1.2,1.2,1.2,1.2,500
09/03/2020,1.2,1.32,1.2,1.32,1.32,2300
10/03/2020,1.32,1.32,1.27,1.3,1.3,1600
11/03/2020,1.35,1.4,1.35,1.4,1.4,5400
12/03/2020,1.4,1.4,1.4,1.4,1.4,0
13/03/2020,1.4,1.4,1.25,1.35,1.35,500
16/03/2020,1.35,1.35,1.35,1.35,1.35,0
17/03/2020,1.35,1.35,1.35,1.35,1.35,0
18/03/2020,1.35,1.35,1.35,1.35,1.35,0
19/03/2020,1.35,1.35,1.35,1.35,1.35,100
20/03/2020,1.1,1.35,1.1,1.35,1.35,700
23/03/2020,1.1,1.35,1.1,1.35,1.35,700
24/03/2020,1.35,1.35,1.35,1.35,1.35,0
25/03/2020,1.35,1.35,1.35,1.35,1.35,0
26/03/2020,1.35,1.35,1.35,1.35,1.35,0
27/03/2020,1.35,1.35,1.35,1.35,1.35,0
30/03/2020,1.35,1.35,1.35,1.35,1.35,0
31/03/2020,1.26,1.26,1.26,1.26,1.26,200
01/04/2020,1.1,1.24,1.1,1.18,1.18,600
02/04/2020,1.25,1.25,1.25,1.25,1.25,200
03/04/2020,1.25,1.25,1.25,1.25,1.25,0
06/04/2020,1.2,1.2,1.2,1.2,1.2,500
07/04/2020,1.1,1.2,1.1,1.2,1.2,900
08/04/2020,1.2,1.2,1.2,1.2,1.2,0
09/04/2020,1.2,1.2,1.2,1.2,1.2,0
13/04/2020,1.18,1.95,1.18,1.95,1.95,17000
14/04/2020,1.79,1.79,1.55,1.74,1.74,900
15/04/2020,1.75,1.8,1.7,1.7,1.7,1900
16/04/2020,1.69,1.69,1.66,1.68,1.68,1000
17/04/2020,1.71,1.77,1.65,1.65,1.65,1500
20/04/2020,1.65,1.65,1.65,1.65,1.65,0
21/04/2020,1.75,1.75,1.66,1.66,1.66,1300
22/04/2020,1.67,2.0,1.67,1.85,1.85,2200
23/04/2020,1.8,1.84,1.75,1.84,1.84,400
24/04/2020,1.8,2.0,1.75,1.79,1.79,3400
27/04/2020,1.75,1.77,1.5,1.5,1.5,1500
28/04/2020,1.5,1.5,1.35,1.42,1.42,2700
29/04/2020,1.47,1.47,1.15,1.15,1.15,2600
30/04/2020,1.01,1.25,0.97,1.1,1.1,2900
01/05/2020,1.01,1.2,0.95,0.95,0.95,5700
04/05/2020,1.0,1.0,0.95,1.0,1.0,3700
05/05/2020,1.0,1.0,1.0,1.0,1.0,0
06/05/2020,1.35,1.35,0.88,0.88,0.88,1300
07/05/2020,0.93,0.93,0.93,0.93,0.93,600
08/05/2020,1.0,1.0,1.0,1.0,1.0,200
11/05/2020,0.95,1.15,0.95,1.15,1.15,3300
12/05/2020,1.1,1.1,1.1,1.1,1.1,200
13/05/2020,1.4,1.4,1.1,1.1,1.1,1300
14/05/2020,1.1,1.1,0.95,0.95,0.95,1300
15/05/2020,1.1,1.1,0.8,1.02,1.02,1800
18/05/2020,1.1,1.1,0.65,1.1,1.1,2600
19/05/2020,1.3,1.3,0.7,0.95,0.95,7500
20/05/2020,1.0,1.0,0.9,1.0,1.0,1300
21/05/2020,1.0,1.0,1.0,1.0,1.0,200
22/05/2020,1.0,1.0,1.0,1.0,1.0,900
26/05/2020,1.05,1.05,0.8,1.0,1.0,3400
27/05/2020,1.0,1.0,1.0,1.0,1.0,100
28/05/2020,0.91,1.0,0.85,1.0,1.0,6300
29/05/2020,1.0,1.05,0.71,1.0,1.0,4500
01/06/2020,1.0,1.05,1.0,1.04,1.04,3300
02/06/2020,1.0,1.0,0.9,0.9,0.9,2600
03/06/2020,0.93,0.93,0.71,0.93,0.93,6700
04/06/2020,0.99,0.99,0.55,0.9,0.9,21300
05/06/2020,0.8,0.99,0.75,0.96,0.96,13800
08/06/2020,0.96,1.05,0.9,1.0,1.0,11800
09/06/2020,1.05,1.14,0.86,1.14,1.14,13600
10/06/2020,1.05,1.4,1.05,1.28,1.28,34900
11/06/2020,1.26,1.26,1.03,1.05,1.05,21400
12/06/2020,1.08,1.08,0.56,1.0,1.0,25000
15/06/2020,0.95,1.05,0.91,0.95,0.95,10900
16/06/2020,0.92,1.0,0.92,1.0,1.0,10100
17/06/2020,0.87,1.0,0.85,1.0,1.0,5300
18/06/2020,1.05,1.74,1.05,1.36,1.36,129100
19/06/2020,1.71,2.25,1.41,1.85,1.85,119000
22/06/2020,2.01,3.7,1.99,2.54,2.54,252900
23/06/2020,3.15,3.5,2.0,2.01,2.01,268600
24/06/2020,2.1,2.17,1.62,1.62,1.62,234300
25/06/2020,1.62,2.3,1.62,2.05,2.05,155900
26/06/2020,2.05,2.14,1.83,2.0,2.0,184800
29/06/2020,2.0,2.04,1.77,1.92,1.92,258000
30/06/2020,1.92,2.13,1.92,1.95,1.95,243900
01/07/2020,1.96,2.14,1.96,2.03,2.03,90900
02/07/2020,2.08,2.1,1.87,1.97,1.97,102600
06/07/2020,1.93,1.96,1.7,1.73,1.73,114900
07/07/2020,1.73,1.82,1.54,1.72,1.72,61700
08/07/2020,1.71,1.76,1.52,1.55,1.55,148300
09/07/2020,1.55,1.75,1.53,1.56,1.56,137600
10/07/2020,1.65,1.75,1.56,1.56,1.56,131100
13/07/2020,1.6,1.67,1.55,1.57,1.57,112500
14/07/2020,1.6,1.6,1.36,1.48,1.48,66400
15/07/2020,1.46,1.52,1.4,1.45,1.45,40700
16/07/2020,1.47,1.47,1.3,1.44,1.44,47100
17/07/2020,1.52,1.55,1.31,1.41,1.41,75000
20/07/2020,1.41,1.5,1.41,1.41,1.41,69500
21/07/2020,1.42,1.45,1.35,1.39,1.39,76700
22/07/2020,1.38,1.44,1.23,1.41,1.41,164900
23/07/2020,1.57,1.79,1.5,1.59,1.59,324100
24/07/2020,1.59,1.59,1.35,1.48,1.48,146700
27/07/2020,1.49,1.5,1.25,1.29,1.29,116300
28/07/2020,1.27,1.35,1.25,1.3,1.3,118000
29/07/2020,1.3,1.32,1.29,1.3,1.3,95300
30/07/2020,1.35,1.39,1.17,1.29,1.29,250000
31/07/2020,1.2,1.34,1.12,1.3,1.3,99200
03/08/2020,1.3,1.38,1.16,1.2,1.2,125100
04/08/2020,1.2,1.23,1.13,1.2,1.2,24400
05/08/2020,1.2,1.24,1.01,1.13,1.13,122800
06/08/2020,1.17,1.2,1.05,1.12,1.12,60800
07/08/2020,1.13,1.13,1.03,1.05,1.05,24300
10/08/2020,1.06,1.06,0.74,0.92,0.92,203000
11/08/2020,0.95,1.0,0.92,0.99,0.99,45300
12/08/2020,0.97,1.13,0.9,0.98,0.98,66500
13/08/2020,0.93,0.95,0.9,0.92,0.92,64200
14/08/2020,0.95,0.99,0.92,0.93,0.93,12700
17/08/2020,0.93,0.96,0.9,0.91,0.91,37100
18/08/2020,0.91,0.96,0.84,0.9,0.9,109100
19/08/2020,0.91,0.95,0.89,0.89,0.89,52500
20/08/2020,0.9,0.92,0.77,0.84,0.84,137800
21/08/2020,0.86,0.89,0.81,0.89,0.89,45000
24/08/2020,0.9,0.9,0.85,0.89,0.89,52100
25/08/2020,0.9,0.9,0.78,0.8,0.8,63100
26/08/2020,0.83,0.96,0.82,0.94,0.94,58900
27/08/2020,0.99,0.99,0.9,0.94,0.94,31300
28/08/2020,0.94,0.96,0.9,0.96,0.96,41600
31/08/2020,0.95,1.06,0.95,1.0,1.0,42500
01/09/2020,1.06,1.24,1.02,1.23,1.23,139400
02/09/2020,1.29,1.35,1.06,1.15,1.15,139900
03/09/2020,1.16,1.23,1.1,1.16,1.16,51800
04/09/2020,1.16,1.33,1.1,1.32,1.32,63800
08/09/2020,1.3,1.36,1.2,1.36,1.36,71600
09/09/2020,1.25,1.35,1.25,1.26,1.26,22100
10/09/2020,1.25,1.25,1.02,1.16,1.16,74200
11/09/2020,1.18,1.2,1.06,1.13,1.13,19800
14/09/2020,1.12,1.13,1.05,1.11,1.11,17600
15/09/2020,1.11,1.15,1.1,1.13,1.13,11400
16/09/2020,1.15,1.39,1.05,1.2,1.2,73100
17/09/2020,1.06,1.49,0.95,1.28,1.28,153900
18/09/2020,1.46,1.71,1.45,1.47,1.47,632300
21/09/2020,1.55,1.73,1.49,1.65,1.65,300300
22/09/2020,1.69,1.83,1.58,1.78,1.78,336400
23/09/2020,1.85,1.88,1.62,1.65,1.65,183400
24/09/2020,1.63,1.65,1.47,1.59,1.59,128100
25/09/2020,1.59,1.8,1.59,1.63,1.63,81400
28/09/2020,1.74,1.75,1.5,1.6,1.6,183200
29/09/2020,1.6,1.61,1.58,1.58,1.58,24700
30/09/2020,1.59,1.6,1.42,1.59,1.59,40400
01/10/2020,1.58,1.7,1.54,1.57,1.57,72900
02/10/2020,1.56,1.61,1.48,1.55,1.55,38100
05/10/2020,1.57,1.69,1.41,1.59,1.59,112000
06/10/2020,1.59,1.69,1.47,1.59,1.59,79500
07/10/2020,1.58,1.62,1.42,1.54,1.54,127900
08/10/2020,1.48,1.54,1.32,1.39,1.39,123600
09/10/2020,1.32,1.4,1.32,1.35,1.35,38400
12/10/2020,1.39,1.39,1.3,1.3,1.3,79300
13/10/2020,1.31,1.4,1.31,1.35,1.35,23600
14/10/2020,1.4,1.42,1.37,1.42,1.42,14400
15/10/2020,1.42,1.42,1.3,1.3,1.3,32100
16/10/2020,1.32,1.47,1.32,1.44,1.44,35200
19/10/2020,1.46,1.48,1.35,1.35,1.35,39700
20/10/2020,1.4,1.4,1.32,1.37,1.37,34600
21/10/2020,1.4,1.42,1.32,1.4,1.4,25300
22/10/2020,1.39,1.4,1.3,1.35,1.35,45000
23/10/2020,1.36,1.37,1.32,1.34,1.34,10200
26/10/2020,1.4,1.4,1.29,1.34,1.34,130300
27/10/2020,1.29,1.35,1.29,1.31,1.31,35700
28/10/2020,1.31,1.31,1.21,1.25,1.25,86500
29/10/2020,1.25,1.28,1.25,1.28,1.28,31200
30/10/2020,1.28,1.28,1.23,1.25,1.25,12800
02/11/2020,1.27,1.28,1.16,1.18,1.18,38600
03/11/2020,1.17,1.21,1.09,1.12,1.12,45200
04/11/2020,1.11,1.11,1.01,1.08,1.08,67800
05/11/2020,1.08,1.08,1.02,1.06,1.06,50300
06/11/2020,1.03,1.09,1.03,1.07,1.07,21900
09/11/2020,1.09,1.09,1.02,1.04,1.04,48600
10/11/2020,1.02,1.25,1.02,1.08,1.08,29400
11/11/2020,1.17,1.28,1.1,1.27,1.27,57900
12/11/2020,1.28,1.44,1.28,1.31,1.31,98200
13/11/2020,1.31,1.4,1.25,1.28,1.28,23900
16/11/2020,1.28,1.36,1.12,1.23,1.23,53800
17/11/2020,1.38,1.39,1.22,1.23,1.23,31600
18/11/2020,1.37,1.37,1.2,1.24,1.24,15400
19/11/2020,1.25,1.25,1.18,1.22,1.22,10900
20/11/2020,1.22,1.31,1.18,1.23,1.23,43200
23/11/2020,1.21,1.23,1.16,1.21,1.21,33500
24/11/2020,1.21,1.26,1.14,1.25,1.25,64100
25/11/2020,1.25,1.3,1.25,1.28,1.28,73700
27/11/2020,1.37,1.49,1.28,1.44,1.44,77300
30/11/2020,1.5,1.5,1.41,1.46,1.46,45300
01/12/2020,1.49,1.54,1.36,1.42,1.42,51900
02/12/2020,1.42,1.42,1.32,1.4,1.4,47100
03/12/2020,1.46,1.53,1.35,1.46,1.46,33600
04/12/2020,1.46,1.49,1.35,1.39,1.39,22300
07/12/2020,1.39,1.5,1.36,1.5,1.5,51100
08/12/2020,1.5,1.5,1.37,1.43,1.43,39300
09/12/2020,1.4,1.5,1.35,1.47,1.47,37500
10/12/2020,1.4,1.49,1.3,1.45,1.45,60100
11/12/2020,1.4,1.45,1.35,1.4,1.4,29400
14/12/2020,1.4,1.45,1.3,1.4,1.4,50700
15/12/2020,1.43,1.45,1.4,1.43,1.43,23700
16/12/2020,1.42,1.46,1.36,1.39,1.39,23600
17/12/2020,1.38,1.42,1.19,1.28,1.28,105700
18/12/2020,1.35,1.39,1.2,1.25,1.25,97700
21/12/2020,1.3,1.39,1.19,1.3,1.3,48000
22/12/2020,1.3,1.4,1.21,1.24,1.24,33900
23/12/2020,1.29,1.29,1.15,1.25,1.25,80300
24/12/2020,1.25,1.35,1.22,1.24,1.24,23300
28/12/2020,1.23,2.4,1.19,2.12,2.12,1303800
29/12/2020,2.11,2.15,1.5,1.64,1.64,683300
30/12/2020,1.75,1.8,1.31,1.36,1.36,576300
31/12/2020,1.5,1.64,1.4,1.47,1.47,283300
04/01/2021,1.5,1.6,1.4,1.43,1.43,295700
05/01/2021,1.43,1.48,1.35,1.38,1.38,214000
06/01/2021,1.59,1.72,1.52,1.6,1.6,882300
07/01/2021,1.68,1.76,1.64,1.7,1.7,490500
08/01/2021,1.72,1.75,1.42,1.5,1.5,377000
11/01/2021,1.64,1.64,1.36,1.39,1.39,314000
12/01/2021,1.39,1.49,1.31,1.45,1.45,220600
13/01/2021,1.45,1.49,1.3,1.32,1.32,395500
14/01/2021,1.31,1.36,1.28,1.3,1.3,237100
15/01/2021,1.34,1.38,1.28,1.29,1.29,196100
19/01/2021,1.29,1.4,1.28,1.29,1.29,215500
20/01/2021,1.31,1.34,1.25,1.29,1.29,170800
21/01/2021,1.28,1.3,1.19,1.24,1.24,318200
22/01/2021,1.31,1.45,1.27,1.36,1.36,412500
25/01/2021,1.45,1.62,1.4,1.56,1.56,573700
26/01/2021,1.7,1.7,1.48,1.64,1.64,657400
27/01/2021,1.64,1.66,1.4,1.41,1.41,444000
28/01/2021,1.55,1.55,1.33,1.38,1.38,237000
29/01/2021,1.4,1.5,1.31,1.33,1.33,155100
01/02/2021,1.32,1.38,1.23,1.25,1.25,322900
02/02/2021,1.3,1.33,1.19,1.28,1.28,260300
03/02/2021,1.3,1.5,1.28,1.46,1.46,280900
04/02/2021,1.48,1.52,1.41,1.49,1.49,317700
05/02/2021,1.5,1.61,1.5,1.52,1.52,314300
08/02/2021,1.6,1.71,1.57,1.65,1.65,476000
09/02/2021,1.65,1.8,1.65,1.7,1.7,445800
10/02/2021,1.7,1.78,1.6,1.7,1.7,274200
11/02/2021,1.75,1.75,1.6,1.69,1.69,238300
12/02/2021,1.69,1.71,1.41,1.66,1.66,323600
16/02/2021,1.75,2.94,1.7,2.93,2.93,2051200
17/02/2021,2.94,3.01,1.95,2.84,2.84,1197400
18/02/2021,2.85,2.88,2.17,2.75,2.75,601700
19/02/2021,2.93,2.93,2.47,2.5,2.5,560500
22/02/2021,2.5,2.51,2.25,2.38,2.38,335500
23/02/2021,2.34,2.4,2.0,2.1,2.1,485900
24/02/2021,2.1,2.28,2.0,2.14,2.14,178300
25/02/2021,2.2,2.35,2.05,2.16,2.16,195300
26/02/2021,2.26,2.84,2.17,2.6,2.6,1463500
01/03/2021,2.78,2.8,2.5,2.61,2.61,359500
02/03/2021,2.61,2.63,2.3,2.43,2.43,223900
03/03/2021,2.44,2.65,2.41,2.41,2.41,261600
04/03/2021,2.48,2.64,2.33,2.33,2.33,399300
05/03/2021,2.38,2.6,2.15,2.5,2.5,397700
08/03/2021,2.55,2.64,2.38,2.43,2.43,228700
09/03/2021,2.43,2.59,2.28,2.49,2.49,80500
10/03/2021,2.5,2.59,2.3,2.38,2.38,150400
11/03/2021,2.41,2.58,2.38,2.47,2.47,95400
12/03/2021,2.48,2.57,2.42,2.42,2.42,102500
15/03/2021,2.44,2.65,2.42,2.65,2.65,142300
16/03/2021,2.57,2.7,2.51,2.6,2.6,98800
17/03/2021,2.65,2.8,2.65,2.74,2.74,395400
18/03/2021,2.73,2.8,2.6,2.61,2.61,138100
19/03/2021,2.61,2.75,2.41,2.57,2.57,222600
22/03/2021,2.57,2.6,2.5,2.58,2.58,133300
23/03/2021,2.65,2.74,2.5,2.53,2.53,108600
24/03/2021,2.54,2.59,2.15,2.28,2.28,219300
25/03/2021,2.28,2.32,2.15,2.24,2.24,124500
26/03/2021,2.24,2.51,2.2,2.3,2.3,216400
29/03/2021,2.28,2.29,2.15,2.2,2.2,153200
30/03/2021,2.19,2.37,2.15,2.35,2.35,186200
31/03/2021,2.32,2.6,2.27,2.48,2.48,216300
01/04/2021,2.58,2.63,2.5,2.54,2.54,146200
05/04/2021,2.55,2.65,2.4,2.43,2.43,149200
06/04/2021,2.43,2.61,2.38,2.55,2.55,85000
07/04/2021,2.6,2.6,2.35,2.55,2.55,134700
08/04/2021,2.52,2.57,2.45,2.51,2.51,95000
09/04/2021,2.49,2.55,2.4,2.41,2.41,85000
12/04/2021,2.45,2.55,2.3,2.3,2.3,117800
13/04/2021,2.3,2.5,2.3,2.35,2.35,104300
14/04/2021,2.42,2.5,2.3,2.31,2.31,117600
15/04/2021,2.3,2.35,2.15,2.19,2.19,209300
16/04/2021,2.13,2.15,2.01,2.08,2.08,214100
19/04/2021,2.1,2.11,2.0,2.04,2.04,150300
20/04/2021,2.04,2.04,1.7,1.9,1.9,254700
21/04/2021,1.9,2.06,1.83,2.02,2.02,110500
22/04/2021,2.05,2.18,2.01,2.15,2.15,151200
23/04/2021,2.13,2.24,2.02,2.15,2.15,102500
26/04/2021,2.15,2.24,2.01,2.23,2.23,153400
27/04/2021,2.31,2.54,2.25,2.49,2.49,232900
28/04/2021,2.51,2.64,2.47,2.53,2.53,238900
29/04/2021,2.57,2.65,2.3,2.42,2.42,170800
30/04/2021,2.5,2.54,2.35,2.35,2.35,63100
03/05/2021,2.35,2.45,2.3,2.35,2.35,77300
04/05/2021,2.33,2.38,2.3,2.32,2.32,74200
05/05/2021,2.32,2.32,2.23,2.24,2.24,105000
06/05/2021,2.28,2.33,2.02,2.15,2.15,174000
07/05/2021,2.22,2.27,2.01,2.09,2.09,96000
10/05/2021,2.08,2.14,1.9,2.0,2.0,163300
11/05/2021,1.85,2.11,1.85,2.01,2.01,50500
12/05/2021,2.04,2.04,1.95,2.0,2.0,68400
13/05/2021,2.04,2.2,1.87,1.98,1.98,97700
14/05/2021,2.0,2.1,1.98,2.08,2.08,55000
17/05/2021,2.08,2.09,1.95,2.02,2.02,44200
18/05/2021,2.02,2.06,1.86,2.03,2.03,58300
19/05/2021,2.06,2.06,1.86,2.03,2.03,67500
20/05/2021,2.03,2.27,2.03,2.05,2.05,112800
21/05/2021,2.05,2.19,2.03,2.04,2.04,126000
24/05/2021,2.05,2.15,1.92,2.05,2.05,92800
25/05/2021,2.01,2.1,1.96,1.99,1.99,90000
26/05/2021,2.0,2.1,1.96,2.02,2.02,89100
27/05/2021,2.1,2.2,2.07,2.09,2.09,157100
28/05/2021,2.13,2.2,2.0,2.03,2.03,114500
01/06/2021,2.0,2.1,1.97,2.07,2.07,140000
02/06/2021,2.05,2.4,2.0,2.36,2.36,759400
03/06/2021,2.37,2.89,2.37,2.85,2.85,1084800
04/06/2021,2.91,2.95,2.44,2.59,2.59,1003800
07/06/2021,2.72,2.75,2.5,2.6,2.6,665500
08/06/2021,2.74,2.74,2.6,2.66,2.66,672100
09/06/2021,2.75,2.78,2.55,2.6,2.6,772100
10/06/2021,2.65,2.65,2.5,2.62,2.62,398600
11/06/2021,2.56,2.64,2.4,2.46,2.46,579100
14/06/2021,2.42,2.45,2.33,2.35,2.35,439000
15/06/2021,2.5,2.5,2.4,2.44,2.44,157900
16/06/2021,2.47,2.47,2.24,2.27,2.27,363800
17/06/2021,2.98,3.19,2.26,2.3,2.3,34179500
18/06/2021,2.3,2.3,2.11,2.11,2.11,2915300
21/06/2021,2.15,2.27,2.1,2.26,2.26,1398200
22/06/2021,2.35,2.46,2.28,2.41,2.41,1896400
23/06/2021,2.53,2.59,2.41,2.49,2.49,1601300
24/06/2021,2.53,2.58,2.42,2.54,2.54,1423200
25/06/2021,2.58,2.58,2.45,2.48,2.48,878600
28/06/2021,2.51,2.69,2.41,2.51,2.51,1565600
29/06/2021,2.5,2.55,2.41,2.42,2.42,784900
30/06/2021,2.42,2.59,2.4,2.47,2.47,1218500
01/07/2021,2.41,2.46,2.33,2.37,2.37,743600
02/07/2021,2.4,2.44,2.34,2.37,2.37,356100
06/07/2021,2.35,2.51,2.33,2.48,2.48,1258600
07/07/2021,2.46,2.49,2.34,2.39,2.39,469900
08/07/2021,2.3,2.38,2.2,2.33,2.33,852400
09/07/2021,2.37,2.41,2.3,2.38,2.38,552300
12/07/2021,2.4,2.4,2.26,2.3,2.3,429500
13/07/2021,2.27,2.31,2.25,2.27,2.27,387200
14/07/2021,2.25,2.26,2.06,2.13,2.13,1082900
15/07/2021,2.16,2.26,2.1,2.21,2.21,368600
16/07/2021,2.24,2.26,2.18,2.23,2.23,326400
19/07/2021,2.15,2.15,2.04,2.14,2.14,363500
20/07/2021,2.16,2.19,2.01,2.02,2.02,735600
21/07/2021,2.03,2.15,2.03,2.13,2.13,442500
22/07/2021,2.15,2.16,2.02,2.04,2.04,730600
23/07/2021,2.1,2.1,2.01,2.03,2.03,620000
26/07/2021,2.07,2.08,2.01,2.06,2.06,375800
27/07/2021,2.05,2.07,1.9,2.02,2.02,902700
28/07/2021,2.05,2.06,1.98,2.05,2.05,526800
29/07/2021,2.07,2.07,2.01,2.03,2.03,385800
30/07/2021,2.01,2.05,2.0,2.04,2.04,264000
02/08/2021,2.05,2.14,1.97,2.12,2.12,445700
03/08/2021,2.12,2.12,2.05,2.09,2.09,269500
04/08/2021,2.09,2.09,2.0,2.02,2.02,311700
05/08/2021,2.0,2.1,1.99,2.09,2.09,254300
06/08/2021,2.0,2.09,2.0,2.04,2.04,207300
09/08/2021,2.08,2.09,2.02,2.06,2.06,314300
10/08/2021,2.08,2.12,2.05,2.1,2.1,249600
11/08/2021,2.12,2.35,2.05,2.31,2.31,1019700
12/08/2021,2.34,2.38,2.17,2.29,2.29,754700
13/08/2021,2.29,2.29,2.19,2.25,2.25,324400
16/08/2021,2.24,2.27,2.1,2.22,2.22,420500
17/08/2021,2.11,2.22,2.0,2.04,2.04,644200
18/08/2021,2.27,2.27,2.15,2.17,2.17,555600
19/08/2021,2.08,2.2,2.07,2.1,2.1,273900
20/08/2021,2.08,2.15,2.04,2.05,2.05,306700
23/08/2021,2.05,2.19,2.05,2.13,2.13,288000
24/08/2021,2.12,2.19,2.1,2.11,2.11,218300
25/08/2021,2.14,2.19,2.1,2.14,2.14,308500
26/08/2021,2.13,2.17,2.05,2.08,2.08,422400
27/08/2021,2.11,2.14,2.04,2.13,2.13,316900
30/08/2021,2.11,2.13,2.06,2.13,2.13,413000
31/08/2021,2.09,2.16,2.08,2.14,2.14,409500
01/09/2021,2.17,2.25,2.13,2.15,2.15,483800
02/09/2021,2.17,2.31,2.12,2.28,2.28,537300
03/09/2021,2.28,2.32,2.16,2.24,2.24,1171900
07/09/2021,2.27,2.37,2.25,2.32,2.32,961900
08/09/2021,2.35,2.43,2.29,2.41,2.41,634000
09/09/2021,2.41,2.42,2.28,2.32,2.32,609300
10/09/2021,2.33,2.38,2.23,2.25,2.25,651300
13/09/2021,2.3,2.32,2.22,2.25,2.25,463500
14/09/2021,2.32,2.47,2.3,2.4,2.4,1063600
15/09/2021,2.4,2.5,2.32,2.43,2.43,1697100
16/09/2021,2.48,2.59,2.39,2.58,2.58,1678600
17/09/2021,2.55,2.69,2.49,2.49,2.49,2829700
20/09/2021,2.39,2.74,2.39,2.73,2.73,1933400
21/09/2021,2.71,2.74,2.21,2.37,2.37,3620300
22/09/2021,2.45,2.5,2.4,2.44,2.44,941700
23/09/2021,2.39,2.41,2.26,2.27,2.27,925000
24/09/2021,2.23,2.28,2.17,2.22,2.22,734100
27/09/2021,2.19,2.27,2.13,2.15,2.15,539700
28/09/2021,2.13,2.17,2.06,2.08,2.08,546100
29/09/2021,2.1,2.11,2.0,2.03,2.03,697700
30/09/2021,2.05,2.14,2.03,2.08,2.08,578200
01/10/2021,2.08,2.15,2.02,2.14,2.14,754900
04/10/2021,2.19,2.19,2.01,2.07,2.07,1027500
05/10/2021,2.04,2.08,1.9,1.98,1.98,1330600
06/10/2021,1.99,2.05,1.95,2.03,2.03,617800
07/10/2021,2.1,2.1,2.01,2.01,2.01,524700
08/10/2021,2.04,2.04,1.95,1.98,1.98,481700
11/10/2021,1.95,2.01,1.93,1.95,1.95,399100
12/10/2021,2.0,2.02,1.95,1.96,1.96,251500
13/10/2021,1.97,1.99,1.96,1.98,1.98,160400
14/10/2021,1.96,2.1,1.96,2.08,2.08,329500
15/10/2021,2.12,2.12,2.01,2.08,2.08,387100
18/10/2021,2.12,2.17,2.06,2.11,2.11,471400
19/10/2021,2.11,2.11,2.07,2.09,2.09,334000
20/10/2021,2.14,2.63,2.08,2.43,2.43,6571500
21/10/2021,2.53,2.59,2.28,2.45,2.45,2283700
22/10/2021,2.4,2.6,2.36,2.38,2.38,1809600
25/10/2021,2.43,2.86,2.38,2.78,2.78,3809700
26/10/2021,2.85,3.11,2.6,2.89,2.89,6452200
27/10/2021,3.05,3.25,2.91,3.06,3.06,4321600
28/10/2021,3.06,3.11,2.75,2.97,2.97,2580300
29/10/2021,2.94,3.0,2.81,2.97,2.97,961900
01/11/2021,2.95,2.95,2.77,2.87,2.87,1724400
02/11/2021,2.88,3.31,2.88,3.2,3.2,4362800
03/11/2021,3.2,3.26,2.96,3.16,3.16,2486100
04/11/2021,3.15,3.45,3.07,3.4,3.4,4509300
05/11/2021,3.5,3.59,3.25,3.59,3.59,2771000
08/11/2021,3.67,3.67,3.29,3.4,3.4,2371400
09/11/2021,3.4,3.43,3.03,3.22,3.22,2565800
10/11/2021,3.16,3.49,3.1,3.47,3.47,3494600
11/11/2021,3.57,3.57,3.33,3.44,3.44,1969700
12/11/2021,3.4,3.68,3.36,3.65,3.65,1504600
15/11/2021,3.68,3.81,3.46,3.75,3.75,2265100
16/11/2021,3.6,3.65,3.37,3.65,3.65,1792800
17/11/2021,3.6,3.61,3.44,3.6,3.6,1224400
18/11/2021,3.55,3.58,3.27,3.41,3.41,1595500
19/11/2021,3.3,3.47,3.06,3.07,3.07,2001200
22/11/2021,3.15,3.15,2.81,2.89,2.89,1843700
23/11/2021,2.94,3.1,2.9,2.97,2.97,1309600
24/11/2021,2.89,3.01,2.8,2.83,2.83,1009200
26/11/2021,2.95,3.11,2.87,2.98,2.98,1387700
29/11/2021,3.05,3.47,3.0,3.45,3.45,1896200
30/11/2021,3.49,3.69,3.14,3.53,3.53,3408000
01/12/2021,3.6,3.6,3.35,3.47,3.47,2891000
02/12/2021,3.47,3.51,3.1,3.22,3.22,1228600
03/12/2021,3.43,3.43,3.11,3.34,3.34,1086500
06/12/2021,3.22,3.26,2.82,2.91,2.91,2161300
07/12/2021,3.14,3.27,3.0,3.22,3.22,1379700
08/12/2021,3.21,3.27,3.1,3.18,3.18,870700
09/12/2021,3.14,3.23,3.02,3.02,3.02,854500
10/12/2021,3.01,3.15,3.01,3.07,3.07,707300
13/12/2021,3.18,3.2,2.93,2.93,2.93,1128000
14/12/2021,2.9,2.97,2.83,2.92,2.92,670700
15/12/2021,3.03,3.19,2.86,3.09,3.09,1881300
16/12/2021,3.2,3.29,2.94,2.98,2.98,1355000
17/12/2021,3.0,3.13,2.88,3.11,3.11,1166800
20/12/2021,3.0,3.03,2.79,2.87,2.87,1284300
21/12/2021,2.87,3.1,2.84,3.0,3.0,903700
22/12/2021,2.93,3.09,2.91,3.04,3.04,662400
23/12/2021,2.96,3.08,2.96,3.02,3.02,538200
27/12/2021,2.99,3.18,2.96,3.05,3.05,734200
28/12/2021,3.11,3.11,2.91,2.95,2.95,969000
29/12/2021,2.95,2.98,2.72,2.75,2.75,1405500
30/12/2021,2.74,2.96,2.74,2.87,2.87,981300
31/12/2021,2.74,2.9,2.73,2.76,2.76,650700
03/01/2022,2.82,2.88,2.69,2.85,2.85,1105000
04/01/2022,2.95,3.12,2.81,3.05,3.05,1631500
05/01/2022,3.02,3.04,2.74,2.75,2.75,1188000
06/01/2022,2.78,2.87,2.75,2.82,2.82,735100
07/01/2022,2.78,2.84,2.7,2.72,2.72,822400
10/01/2022,2.69,2.74,2.45,2.5,2.5,1255400
11/01/2022,2.53,2.76,2.52,2.67,2.67,680500
12/01/2022,2.64,2.78,2.64,2.65,2.65,549800
13/01/2022,2.65,2.71,2.6,2.65,2.65,361900
14/01/2022,2.6,2.75,2.57,2.75,2.75,593200
18/01/2022,2.57,2.85,2.57,2.69,2.69,845800
19/01/2022,2.74,2.79,2.42,2.44,2.44,869200
20/01/2022,2.48,2.51,2.25,2.26,2.26,807400
21/01/2022,2.2,2.22,2.01,2.02,2.02,1159000
24/01/2022,2.0,2.07,1.77,1.98,1.98,1651000
25/01/2022,1.93,2.12,1.92,2.09,2.09,689500
26/01/2022,2.13,2.19,1.97,2.04,2.04,807900
27/01/2022,2.08,2.14,1.99,2.04,2.04,435900
28/01/2022,2.03,2.07,1.92,1.97,1.97,490100
31/01/2022,1.96,2.36,1.95,2.25,2.25,695700
01/02/2022,2.31,2.31,2.09,2.22,2.22,525600
02/02/2022,2.25,2.25,2.14,2.21,2.21,338500
03/02/2022,2.17,2.26,2.13,2.22,2.22,260600
04/02/2022,2.19,2.23,2.14,2.23,2.23,417200
07/02/2022,2.19,2.39,2.19,2.27,2.27,619400
08/02/2022,2.3,2.34,2.2,2.34,2.34,391800
09/02/2022,2.38,2.46,2.32,2.44,2.44,514500
10/02/2022,2.38,2.55,2.35,2.43,2.43,443600
11/02/2022,2.43,2.5,2.29,2.31,2.31,508900
14/02/2022,2.29,2.35,2.2,2.21,2.21,354500
15/02/2022,2.24,2.39,2.24,2.37,2.37,405900
16/02/2022,2.34,2.39,2.28,2.3,2.3,245500
17/02/2022,2.29,2.38,2.28,2.31,2.31,333300
18/02/2022,2.3,2.34,2.19,2.23,2.23,325900
22/02/2022,2.19,2.2,2.0,2.07,2.07,517100
23/02/2022,2.08,2.17,2.0,2.0,2.0,226400
24/02/2022,1.86,2.15,1.82,2.08,2.08,864800
25/02/2022,2.07,2.15,2.01,2.03,2.03,324300
28/02/2022,2.11,2.25,2.06,2.23,2.23,331000
01/03/2022,2.23,2.35,2.21,2.28,2.28,388100
02/03/2022,2.27,2.3,2.11,2.15,2.15,294400
03/03/2022,2.17,2.29,2.16,2.21,2.21,309700
04/03/2022,2.17,2.24,2.14,2.18,2.18,280900
07/03/2022,2.14,2.19,2.05,2.05,2.05,366600
08/03/2022,2.1,2.22,2.05,2.17,2.17,202600
09/03/2022,2.19,2.29,2.18,2.23,2.23,383900
10/03/2022,2.22,2.25,2.1,2.16,2.16,390200
11/03/2022,2.16,2.22,2.12,2.21,2.21,248000
14/03/2022,2.18,2.2,2.01,2.01,2.01,291900
15/03/2022,2.02,2.2,2.02,2.12,2.12,230600
16/03/2022,2.16,2.25,2.15,2.18,2.18,308800
17/03/2022,2.11,2.5,2.11,2.4,2.4,852000
18/03/2022,2.27,2.45,2.24,2.44,2.44,593900
21/03/2022,2.37,2.46,2.35,2.4,2.4,357300
22/03/2022,2.4,2.43,2.3,2.38,2.38,452400
23/03/2022,2.39,2.42,2.23,2.26,2.26,460900
24/03/2022,2.38,2.61,2.36,2.42,2.42,1335800
25/03/2022,2.46,2.57,2.36,2.4,2.4,425900
28/03/2022,2.46,2.48,2.38,2.46,2.46,261100
29/03/2022,2.48,2.49,2.38,2.4,2.4,303900
30/03/2022,2.38,2.44,2.3,2.31,2.31,296300
31/03/2022,2.49,2.51,2.17,2.17,2.17,2281700
01/04/2022,2.19,2.27,2.15,2.17,2.17,386800
04/04/2022,2.18,2.26,2.18,2.25,2.25,331400
05/04/2022,2.21,2.28,2.16,2.24,2.24,291300
06/04/2022,2.19,2.21,2.09,2.16,2.16,483700
07/04/2022,2.18,2.2,2.05,2.05,2.05,301500
08/04/2022,2.06,2.15,2.06,2.08,2.08,236000
11/04/2022,2.04,2.12,2.01,2.05,2.05,291000
12/04/2022,2.06,2.13,2.06,2.08,2.08,165200
13/04/2022,2.1,2.17,2.08,2.16,2.16,136700
14/04/2022,2.17,2.23,2.1,2.15,2.15,391500
18/04/2022,2.11,2.15,2.03,2.05,2.05,337100
19/04/2022,2.05,2.13,2.05,2.09,2.09,139200
20/04/2022,2.09,2.17,2.07,2.13,2.13,425600
21/04/2022,2.15,2.18,2.05,2.07,2.07,189300
22/04/2022,2.05,2.1,1.96,1.99,1.99,473500
25/04/2022,2.0,2.06,1.81,1.83,1.83,1059500
26/04/2022,1.85,1.85,1.63,1.68,1.68,1399300
27/04/2022,1.65,1.7,1.53,1.56,1.56,740200
28/04/2022,1.59,1.67,1.47,1.63,1.63,609700
29/04/2022,1.64,1.67,1.5,1.6,1.6,367500
02/05/2022,1.6,1.61,1.55,1.57,1.57,219700
03/05/2022,1.7,1.7,1.62,1.65,1.65,493400
04/05/2022,1.66,1.8,1.63,1.77,1.77,378200
05/05/2022,1.76,1.76,1.68,1.76,1.76,391600
06/05/2022,1.76,1.77,1.65,1.67,1.67,300400
09/05/2022,1.65,1.65,1.38,1.39,1.39,634400
10/05/2022,1.46,1.49,1.3,1.36,1.36,389900
11/05/2022,1.35,1.36,1.22,1.27,1.27,591900
12/05/2022,1.25,1.28,1.18,1.22,1.22,456400
13/05/2022,1.33,1.35,1.24,1.28,1.28,307000
16/05/2022,1.28,1.38,1.27,1.27,1.27,391000
17/05/2022,1.27,1.42,1.27,1.34,1.34,182200
18/05/2022,1.33,1.34,1.3,1.3,1.3,211200
19/05/2022,1.28,1.3,1.26,1.29,1.29,145100
20/05/2022,1.29,1.29,1.25,1.25,1.25,352500
23/05/2022,1.25,1.3,1.23,1.3,1.3,163200
24/05/2022,1.27,1.27,1.2,1.22,1.22,183800
25/05/2022,1.22,1.26,1.2,1.24,1.24,112300
26/05/2022,1.24,1.44,1.24,1.4,1.4,328000
27/05/2022,1.45,1.51,1.43,1.47,1.47,138000
31/05/2022,1.54,1.77,1.46,1.65,1.65,689900
01/06/2022,1.69,1.71,1.55,1.57,1.57,87100
02/06/2022,1.6,1.75,1.57,1.75,1.75,306500
03/06/2022,1.71,1.71,1.55,1.55,1.55,167900
06/06/2022,1.65,1.69,1.62,1.69,1.69,158700
07/06/2022,1.65,1.66,1.58,1.6,1.6,155400
08/06/2022,1.58,1.67,1.55,1.66,1.66,113600
09/06/2022,1.62,1.71,1.58,1.69,1.69,153100
10/06/2022,1.64,1.7,1.6,1.7,1.7,101400
13/06/2022,1.55,1.67,1.51,1.58,1.58,314700
14/06/2022,1.57,1.61,1.5,1.5,1.5,105100
15/06/2022,1.52,1.62,1.5,1.54,1.54,257000
16/06/2022,1.5,1.53,1.37,1.41,1.41,222500
17/06/2022,1.55,1.55,1.42,1.43,1.43,88200
21/06/2022,1.44,1.57,1.44,1.5,1.5,281900
22/06/2022,1.57,1.63,1.51,1.58,1.58,179100
23/06/2022,1.63,1.63,1.56,1.56,1.56,189100
24/06/2022,1.63,1.72,1.53,1.71,1.71,577500
27/06/2022,1.7,1.78,1.59,1.71,1.71,292200
28/06/2022,1.71,1.8,1.69,1.7,1.7,287900
29/06/2022,1.65,1.84,1.58,1.8,1.8,916900
30/06/2022,1.82,1.83,1.53,1.55,1.55,688100
01/07/2022,1.57,1.62,1.45,1.53,1.53,196000
05/07/2022,1.47,1.47,1.37,1.42,1.42,217800
06/07/2022,1.43,1.5,1.42,1.45,1.45,80700
07/07/2022,1.48,1.56,1.47,1.49,1.49,177100
08/07/2022,1.52,1.55,1.5,1.52,1.52,213500
11/07/2022,1.55,1.63,1.52,1.6,1.6,574300
12/07/2022,1.65,1.73,1.52,1.57,1.57,694700
13/07/2022,1.57,1.59,1.49,1.51,1.51,343400
14/07/2022,1.49,1.54,1.41,1.51,1.51,231800
15/07/2022,1.51,1.51,1.42,1.45,1.45,244800
18/07/2022,1.46,1.48,1.44,1.46,1.46,165400
19/07/2022,1.43,1.47,1.43,1.44,1.44,166500
20/07/2022,1.44,1.5,1.44,1.44,1.44,167300
21/07/2022,1.46,1.47,1.42,1.45,1.45,159600
22/07/2022,1.45,1.46,1.4,1.44,1.44,99400
25/07/2022,1.43,1.47,1.42,1.44,1.44,49300
26/07/2022,1.43,1.47,1.42,1.42,1.42,148800
27/07/2022,1.43,1.45,1.42,1.44,1.44,76200
28/07/2022,1.44,1.54,1.44,1.53,1.53,386700
29/07/2022,1.55,1.55,1.47,1.48,1.48,87100
01/08/2022,1.48,1.55,1.48,1.54,1.54,178100
02/08/2022,1.5,1.54,1.48,1.51,1.51,78500
03/08/2022,1.55,1.59,1.5,1.54,1.54,229500
04/08/2022,1.57,1.59,1.53,1.58,1.58,91800
05/08/2022,1.55,1.62,1.55,1.59,1.59,113400
08/08/2022,1.59,1.65,1.59,1.61,1.61,142100
09/08/2022,1.63,1.63,1.52,1.53,1.53,123100
10/08/2022,1.65,1.65,1.58,1.64,1.64,137500
11/08/2022,1.65,1.65,1.58,1.61,1.61,151000
12/08/2022,1.65,1.65,1.6,1.65,1.65,236500
15/08/2022,1.65,1.67,1.6,1.64,1.64,232000
16/08/2022,1.66,1.9,1.65,1.74,1.74,1250300
17/08/2022,1.75,1.77,1.64,1.68,1.68,262000
18/08/2022,1.68,1.83,1.59,1.59,1.59,639300
19/08/2022,1.6,1.68,1.58,1.58,1.58,197200
22/08/2022,1.62,1.62,1.5,1.52,1.52,259200
23/08/2022,1.52,1.55,1.49,1.52,1.52,104700
24/08/2022,1.53,1.55,1.48,1.5,1.5,135100
25/08/2022,1.52,1.55,1.5,1.55,1.55,91800
26/08/2022,1.54,1.54,1.45,1.47,1.47,156500
29/08/2022,1.5,1.55,1.45,1.5,1.5,147900
30/08/2022,1.53,1.53,1.45,1.48,1.48,87200
31/08/2022,1.48,1.5,1.41,1.45,1.45,166300
01/09/2022,1.42,1.45,1.38,1.4,1.4,151100
02/09/2022,1.49,1.49,1.36,1.38,1.38,166500
06/09/2022,1.39,1.42,1.31,1.34,1.34,104400
07/09/2022,1.32,1.45,1.32,1.45,1.45,63000
08/09/2022,1.47,1.65,1.42,1.58,1.58,532800
09/09/2022,1.59,1.6,1.46,1.47,1.47,276100
12/09/2022,1.47,1.5,1.45,1.47,1.47,101700
13/09/2022,1.51,1.62,1.48,1.52,1.52,409500
14/09/2022,1.54,1.55,1.46,1.46,1.46,158500
15/09/2022,1.47,1.52,1.45,1.49,1.49,128300
16/09/2022,1.46,1.49,1.41,1.41,1.41,175200
19/09/2022,1.44,1.45,1.37,1.45,1.45,93100
20/09/2022,1.42,1.42,1.32,1.39,1.39,149500
21/09/2022,1.37,1.43,1.37,1.37,1.37,102800
22/09/2022,1.36,1.37,1.27,1.35,1.35,252300
23/09/2022,1.3,1.37,1.27,1.31,1.31,195000
26/09/2022,1.31,1.38,1.3,1.32,1.32,188800
27/09/2022,1.33,1.38,1.3,1.31,1.31,137300
28/09/2022,1.4,1.54,1.35,1.36,1.36,596500
29/09/2022,1.38,1.39,1.3,1.31,1.31,182600
30/09/2022,1.3,1.35,1.26,1.28,1.28,196800
03/10/2022,1.35,1.39,1.29,1.33,1.33,587200
04/10/2022,1.35,1.39,1.33,1.34,1.34,272600
05/10/2022,1.39,1.43,1.31,1.37,1.37,240500
06/10/2022,1.41,1.45,1.34,1.34,1.34,439800
07/10/2022,1.33,1.38,1.24,1.24,1.24,369900
10/10/2022,1.25,1.25,1.19,1.21,1.21,258700
11/10/2022,1.17,1.19,1.08,1.12,1.12,607700
12/10/2022,1.13,1.14,1.05,1.11,1.11,233600
13/10/2022,1.07,1.1,1.05,1.1,1.1,220300
14/10/2022,1.15,1.15,1.03,1.07,1.07,270400
17/10/2022,1.09,1.1,1.02,1.06,1.06,337000
18/10/2022,1.12,1.39,1.08,1.32,1.32,1953500
19/10/2022,1.4,1.41,1.27,1.28,1.28,729400
20/10/2022,1.35,1.42,1.32,1.34,1.34,883500
21/10/2022,1.4,1.57,1.3,1.5,1.5,1586800
24/10/2022,1.6,1.89,1.55,1.84,1.84,2977400
25/10/2022,1.89,2.06,1.85,1.99,1.99,1912800
26/10/2022,2.1,2.19,1.84,1.93,1.93,1966300
27/10/2022,2.0,2.2,1.93,2.14,2.14,1152000
28/10/2022,2.22,2.22,1.9,1.9,1.9,1184500
31/10/2022,2.01,2.12,1.95,2.05,2.05,738900
01/11/2022,2.1,2.12,1.88,1.9,1.9,713800
02/11/2022,1.88,1.9,1.75,1.77,1.77,579300
03/11/2022,1.8,1.86,1.71,1.84,1.84,872600
04/11/2022,1.87,1.88,1.61,1.64,1.64,879100
07/11/2022,1.71,1.8,1.66,1.77,1.77,600400
08/11/2022,1.77,1.81,1.67,1.72,1.72,462200
09/11/2022,1.7,1.71,1.54,1.57,1.57,493900
10/11/2022,1.59,1.84,1.59,1.84,1.84,726200
11/11/2022,1.84,1.85,1.7,1.8,1.8,518500
14/11/2022,1.77,1.9,1.72,1.89,1.89,370300
15/11/2022,2.04,2.05,1.87,1.97,1.97,575300
16/11/2022,1.99,1.99,1.87,1.95,1.95,297700
17/11/2022,1.87,1.94,1.84,1.9,1.9,173500
18/11/2022,1.86,1.96,1.85,1.9,1.9,285500
21/11/2022,1.88,1.89,1.78,1.81,1.81,324500
22/11/2022,1.79,1.82,1.65,1.72,1.72,495600
23/11/2022,1.72,1.78,1.68,1.73,1.73,187500
25/11/2022,1.75,1.78,1.74,1.78,1.78,70500
28/11/2022,1.75,1.76,1.7,1.7,1.7,168800
29/11/2022,1.69,1.73,1.61,1.61,1.61,211600
30/11/2022,1.62,1.72,1.61,1.72,1.72,229300
01/12/2022,1.8,1.81,1.72,1.74,1.74,262500
02/12/2022,1.71,1.81,1.7,1.73,1.73,250700
05/12/2022,1.7,1.78,1.65,1.66,1.66,255700
06/12/2022,1.67,1.75,1.66,1.68,1.68,235400
07/12/2022,1.67,1.71,1.61,1.62,1.62,362400
08/12/2022,1.69,1.7,1.63,1.65,1.65,438700
09/12/2022,1.64,1.67,1.51,1.52,1.52,389000
12/12/2022,1.51,1.52,1.35,1.35,1.35,678900
13/12/2022,1.44,1.55,1.4,1.43,1.43,471800
14/12/2022,1.41,1.44,1.3,1.3,1.3,474100
15/12/2022,1.3,1.37,1.3,1.31,1.31,244800
16/12/2022,1.28,1.29,1.18,1.21,1.21,662500
19/12/2022,1.19,1.25,1.15,1.18,1.18,497300
20/12/2022,1.21,1.24,1.16,1.18,1.18,507100
21/12/2022,1.19,1.27,1.18,1.25,1.25,306200
22/12/2022,1.26,1.3,1.23,1.27,1.27,407600
23/12/2022,1.27,1.28,1.23,1.25,1.25,209000
27/12/2022,1.23,1.25,1.15,1.15,1.15,242900
28/12/2022,1.15,1.25,1.15,1.2,1.2,429700
29/12/2022,1.2,1.28,1.19,1.21,1.21,342200
30/12/2022,1.19,1.23,1.17,1.2,1.2,226300
03/01/2023,1.18,1.25,1.18,1.21,1.21,302000
04/01/2023,1.24,1.24,1.19,1.21,1.21,151000
05/01/2023,1.19,1.24,1.19,1.24,1.24,266800
06/01/2023,1.25,1.27,1.2,1.21,1.21,318500
09/01/2023,1.22,1.26,1.17,1.17,1.17,295600
10/01/2023,1.18,1.2,1.16,1.16,1.16,298700
11/01/2023,1.16,1.23,1.16,1.2,1.2,542200
12/01/2023,1.19,1.27,1.19,1.26,1.26,266800
13/01/2023,1.22,1.34,1.22,1.34,1.34,271400
17/01/2023,1.31,1.35,1.27,1.28,1.28,300500
18/01/2023,1.29,1.35,1.27,1.28,1.28,245300
19/01/2023,1.26,1.32,1.24,1.25,1.25,245500
20/01/2023,1.28,1.33,1.26,1.3,1.3,218400
23/01/2023,1.3,1.41,1.29,1.29,1.29,869300
24/01/2023,1.29,1.29,1.25,1.27,1.27,242300
25/01/2023,1.25,1.34,1.25,1.32,1.32,220400
26/01/2023,1.35,1.35,1.29,1.3,1.3,149200
27/01/2023,1.28,1.45,1.28,1.38,1.38,943800
30/01/2023,1.37,1.37,1.26,1.26,1.26,258000
31/01/2023,1.25,1.31,1.24,1.28,1.28,173000
01/02/2023,1.24,1.27,1.24,1.24,1.24,294700
02/02/2023,1.26,1.31,1.24,1.26,1.26,579500
03/02/2023,1.28,1.31,1.26,1.28,1.28,254000
06/02/2023,1.26,1.68,1.26,1.34,1.34,2856500
07/02/2023,1.33,1.33,1.2,1.3,1.3,894800
08/02/2023,1.27,1.32,1.26,1.29,1.29,361100
09/02/2023,1.29,1.29,1.18,1.21,1.21,722400
10/02/2023,1.22,1.25,1.18,1.21,1.21,234000
13/02/2023,1.23,1.23,1.15,1.17,1.17,375400
14/02/2023,1.2,1.24,1.18,1.19,1.19,387000
15/02/2023,1.21,1.28,1.2,1.24,1.24,304000
16/02/2023,1.26,1.26,1.21,1.24,1.24,392700
17/02/2023,1.22,1.24,1.18,1.21,1.21,291300
21/02/2023,1.2,1.23,1.16,1.16,1.16,443000
22/02/2023,1.15,1.28,1.15,1.25,1.25,1494900
23/02/2023,1.24,1.27,1.18,1.22,1.22,318100
24/02/2023,1.18,1.22,1.16,1.19,1.19,417000
27/02/2023,1.18,1.26,1.18,1.24,1.24,367700
28/02/2023,1.23,1.33,1.18,1.31,1.31,1318200
01/03/2023,1.36,1.38,1.3,1.32,1.32,912600
02/03/2023,1.29,1.32,1.25,1.32,1.32,592800
03/03/2023,1.31,1.32,1.24,1.25,1.25,670600
06/03/2023,1.24,1.25,1.2,1.21,1.21,359000
07/03/2023,1.2,1.26,1.14,1.15,1.15,1151100
08/03/2023,1.18,1.18,1.13,1.15,1.15,428600
09/03/2023,1.16,1.18,1.11,1.11,1.11,490300
10/03/2023,1.13,1.14,1.08,1.09,1.09,454100
13/03/2023,1.09,1.12,1.02,1.06,1.06,518900
14/03/2023,1.09,1.11,1.05,1.05,1.05,400700
15/03/2023,1.05,1.06,0.94,0.98,0.98,686300
16/03/2023,1.0,1.08,1.0,1.06,1.06,421800
17/03/2023,1.04,1.06,0.98,0.99,0.99,282600
20/03/2023,1.03,1.03,0.92,0.94,0.94,410200
21/03/2023,0.97,0.98,0.9,0.92,0.92,415100
22/03/2023,0.92,0.94,0.9,0.9,0.9,378700
23/03/2023,0.91,0.95,0.9,0.91,0.91,405900
24/03/2023,0.94,0.94,0.82,0.87,0.87,670300
27/03/2023,0.88,0.89,0.76,0.76,0.76,750100
28/03/2023,0.75,0.75,0.66,0.7,0.7,1076200
29/03/2023,0.72,0.82,0.72,0.8,0.8,543600
30/03/2023,0.82,0.97,0.81,0.92,0.92,643500
31/03/2023,0.96,0.96,0.86,0.88,0.88,277200
03/04/2023,0.87,0.88,0.84,0.86,0.86,343600
04/04/2023,0.87,0.87,0.8,0.82,0.82,281200
05/04/2023,0.81,0.85,0.78,0.79,0.79,224700
06/04/2023,0.8,0.84,0.8,0.82,0.82,122600
10/04/2023,0.83,0.83,0.79,0.82,0.82,184900
11/04/2023,0.79,0.82,0.78,0.79,0.79,221600
12/04/2023,0.79,0.83,0.79,0.82,0.82,229400
13/04/2023,0.8,0.87,0.8,0.86,0.86,292200
14/04/2023,0.83,0.86,0.8,0.82,0.82,174000
17/04/2023,0.81,0.82,0.72,0.73,0.73,373900
18/04/2023,0.78,0.8,0.72,0.72,0.72,153400
19/04/2023,0.73,0.83,0.71,0.74,0.74,901700
20/04/2023,0.74,0.75,0.69,0.7,0.7,319100
21/04/2023,0.7,0.71,0.67,0.67,0.67,403100
24/04/2023,0.69,0.72,0.67,0.71,0.71,220400
25/04/2023,0.72,0.73,0.68,0.69,0.69,221300
26/04/2023,0.68,0.69,0.63,0.64,0.64,232300
27/04/2023,0.65,0.67,0.61,0.62,0.62,169200
28/04/2023,0.62,0.65,0.62,0.65,0.65,159000
01/05/2023,0.65,0.67,0.63,0.65,0.65,98200
02/05/2023,0.65,0.69,0.65,0.68,0.68,140300
03/05/2023,0.68,0.77,0.68,0.76,0.76,205300
04/05/2023,0.76,0.78,0.75,0.78,0.78,252600
05/05/2023,0.78,0.8,0.7,0.74,0.74,326900
08/05/2023,0.72,0.74,0.67,0.67,0.67,205300
09/05/2023,0.67,0.69,0.65,0.69,0.69,158400
10/05/2023,0.72,0.73,0.68,0.7,0.7,143300
11/05/2023,0.72,0.72,0.66,0.67,0.67,225400
12/05/2023,0.69,0.71,0.66,0.67,0.67,122900
15/05/2023,0.68,0.78,0.67,0.77,0.77,384200
16/05/2023,0.72,0.72,0.65,0.66,0.66,451200
17/05/2023,0.69,0.7,0.65,0.65,0.65,137500
18/05/2023,0.67,0.69,0.6,0.62,0.62,319300
19/05/2023,0.62,0.67,0.55,0.58,0.58,661700
22/05/2023,0.59,0.86,0.59,0.82,0.82,2092700
23/05/2023,0.87,0.95,0.73,0.74,0.74,1539600
24/05/2023,0.75,0.75,0.7,0.74,0.74,429600
25/05/2023,0.73,0.75,0.71,0.72,0.72,269400
26/05/2023,0.73,0.75,0.72,0.75,0.75,153900
30/05/2023,0.74,0.75,0.72,0.74,0.74,194800
31/05/2023,0.72,0.73,0.67,0.67,0.67,246500
01/06/2023,0.69,0.71,0.68,0.7,0.7,111600
02/06/2023,0.7,0.72,0.65,0.67,0.67,310200
05/06/2023,0.67,0.69,0.66,0.68,0.68,108600
06/06/2023,0.71,0.71,0.67,0.69,0.69,170200
07/06/2023,0.7,0.73,0.69,0.71,0.71,327400
08/06/2023,0.73,0.73,0.67,0.67,0.67,154400
09/06/2023,0.69,0.7,0.66,0.68,0.68,281300
12/06/2023,0.69,0.71,0.67,0.7,0.7,206000
13/06/2023,0.7,0.72,0.69,0.7,0.7,183300
14/06/2023,0.7,0.72,0.69,0.7,0.7,216900
15/06/2023,0.69,0.74,0.68,0.7,0.7,286900
16/06/2023,0.69,0.72,0.68,0.69,0.69,168100
20/06/2023,0.68,0.69,0.66,0.66,0.66,174800
21/06/2023,0.7,0.7,0.67,0.68,0.68,205500
22/06/2023,0.69,0.69,0.65,0.67,0.67,255900
23/06/2023,0.67,0.69,0.65,0.65,0.65,235900
26/06/2023,0.67,0.67,0.64,0.66,0.66,202100
27/06/2023,0.65,0.67,0.64,0.65,0.65,132100
28/06/2023,0.65,0.66,0.63,0.63,0.63,181500
29/06/2023,0.63,0.64,0.61,0.63,0.63,206700
30/06/2023,0.63,0.65,0.62,0.64,0.64,180500
03/07/2023,0.65,0.71,0.64,0.71,0.71,272600
05/07/2023,0.71,0.72,0.68,0.69,0.69,128900
06/07/2023,0.69,0.87,0.67,0.74,0.74,2570400
07/07/2023,0.74,0.77,0.66,0.76,0.76,518000
10/07/2023,0.75,0.78,0.72,0.74,0.74,325100
11/07/2023,0.73,0.77,0.72,0.76,0.76,202000
12/07/2023,0.75,0.83,0.75,0.8,0.8,255100
13/07/2023,0.79,0.85,0.79,0.82,0.82,245000
14/07/2023,0.84,0.84,0.81,0.81,0.81,251300
17/07/2023,0.81,0.94,0.81,0.92,0.92,587700
18/07/2023,0.93,1.1,0.88,0.92,0.92,1069400
19/07/2023,0.92,1.04,0.9,0.99,0.99,490200
20/07/2023,0.99,1.06,0.96,0.97,0.97,354400
21/07/2023,0.98,1.03,0.96,1.0,1.0,195000
24/07/2023,1.02,1.05,0.98,0.99,0.99,313700
25/07/2023,1.0,1.0,0.91,0.93,0.93,242900
26/07/2023,0.91,0.97,0.9,0.92,0.92,207400
27/07/2023,0.93,0.98,0.91,0.93,0.93,308000
28/07/2023,0.95,0.95,0.9,0.91,0.91,181500
31/07/2023,0.92,0.95,0.91,0.93,0.93,297700
01/08/2023,0.93,0.99,0.93,0.97,0.97,184700
02/08/2023,0.93,0.98,0.91,0.92,0.92,179000
03/08/2023,0.92,0.94,0.87,0.93,0.93,236100
04/08/2023,0.92,0.93,0.82,0.82,0.82,827000
07/08/2023,0.82,0.85,0.8,0.8,0.8,439400
08/08/2023,0.79,0.81,0.77,0.78,0.78,292400
09/08/2023,0.79,0.82,0.76,0.77,0.77,237200
10/08/2023,0.75,0.79,0.68,0.75,0.75,1546400
11/08/2023,0.75,0.83,0.74,0.82,0.82,444100
14/08/2023,0.82,0.9,0.8,0.86,0.86,431700
15/08/2023,0.86,0.87,0.8,0.86,0.86,231200
16/08/2023,0.9,1.1,0.89,1.08,1.08,2293400
17/08/2023,0.86,0.92,0.8,0.8,0.8,4662800
18/08/2023,0.8,0.8,0.76,0.77,0.77,539600
21/08/2023,0.75,0.77,0.72,0.73,0.73,535000
22/08/2023,0.73,0.75,0.67,0.69,0.69,409200
23/08/2023,0.66,0.74,0.66,0.69,0.69,344500
24/08/2023,0.71,0.71,0.67,0.69,0.69,231400
25/08/2023,0.69,0.7,0.64,0.65,0.65,451900
28/08/2023,0.65,0.67,0.58,0.61,0.61,652900
29/08/2023,0.61,0.67,0.6,0.63,0.63,1141000
30/08/2023,0.62,0.64,0.56,0.58,0.58,658300
31/08/2023,0.59,0.6,0.56,0.56,0.56,1181800
01/09/2023,0.57,0.61,0.56,0.58,0.58,326200
05/09/2023,0.58,0.63,0.58,0.61,0.61,388900
06/09/2023,0.64,0.7,0.63,0.67,0.67,416800
07/09/2023,0.67,0.67,0.62,0.62,0.62,271100
08/09/2023,0.64,0.64,0.6,0.62,0.62,136700
11/09/2023,0.63,0.63,0.58,0.59,0.59,257200
12/09/2023,0.59,0.67,0.56,0.58,0.58,956600
13/09/2023,0.37,0.45,0.36,0.4,0.4,4909400
14/09/2023,0.41,0.43,0.41,0.42,0.42,802900
15/09/2023,0.44,0.44,0.41,0.43,0.43,748600
18/09/2023,0.44,0.47,0.42,0.47,0.47,889500
19/09/2023,0.46,0.46,0.44,0.46,0.46,427500
20/09/2023,0.47,0.49,0.45,0.47,0.47,525900
21/09/2023,0.47,0.47,0.43,0.45,0.45,312800
22/09/2023,0.45,0.46,0.42,0.46,0.46,391200
25/09/2023,0.45,0.46,0.43,0.46,0.46,401600
26/09/2023,0.45,0.46,0.41,0.42,0.42,632100
27/09/2023,0.41,0.43,0.39,0.39,0.39,249000
28/09/2023,0.41,0.42,0.38,0.38,0.38,496300
29/09/2023,0.39,0.39,0.35,0.36,0.36,645700
02/10/2023,0.38,0.39,0.37,0.38,0.38,389200
03/10/2023,0.38,0.39,0.36,0.37,0.37,221700
04/10/2023,0.37,0.38,0.35,0.38,0.38,331500
05/10/2023,0.38,0.4,0.37,0.38,0.38,227400
06/10/2023,0.38,0.4,0.38,0.4,0.4,270700
09/10/2023,0.4,0.4,0.37,0.38,0.38,306100
10/10/2023,0.38,0.4,0.38,0.39,0.39,224300
11/10/2023,0.39,0.42,0.38,0.4,0.4,375500
12/10/2023,0.4,0.41,0.39,0.4,0.4,230500
13/10/2023,0.4,0.41,0.38,0.39,0.39,228900
16/10/2023,0.42,0.43,0.39,0.4,0.4,334100
17/10/2023,0.42,0.43,0.4,0.4,0.4,253000
18/10/2023,0.42,0.44,0.41,0.41,0.41,230600
19/10/2023,0.41,0.42,0.37,0.38,0.38,227200
20/10/2023,0.38,0.39,0.38,0.38,0.38,189800
23/10/2023,0.37,0.42,0.35,0.39,0.39,348200
24/10/2023,0.39,0.39,0.35,0.36,0.36,322400
25/10/2023,0.36,0.37,0.34,0.36,0.36,147600
26/10/2023,0.35,0.36,0.33,0.35,0.35,356700
27/10/2023,0.34,0.35,0.32,0.33,0.33,160800
30/10/2023,0.33,0.34,0.29,0.3,0.3,419100
31/10/2023,0.29,0.3,0.28,0.29,0.29,343300
01/11/2023,0.28,0.3,0.28,0.29,0.29,246000
02/11/2023,0.29,0.32,0.29,0.31,0.31,262700
03/11/2023,0.31,0.34,0.31,0.32,0.32,297100
06/11/2023,0.32,0.34,0.32,0.32,0.32,198700
07/11/2023,0.32,0.32,0.3,0.31,0.31,295000
08/11/2023,0.31,0.33,0.3,0.32,0.32,220600
09/11/2023,0.32,0.34,0.32,0.33,0.33,196400
10/11/2023,0.32,0.34,0.31,0.31,0.31,279600
13/11/2023,0.31,0.33,0.31,0.32,0.32,286700
14/11/2023,0.32,0.34,0.3,0.3,0.3,761100
15/11/2023,0.33,0.36,0.3,0.35,0.35,1050400
16/11/2023,0.36,0.37,0.31,0.31,0.31,972400
17/11/2023,0.31,0.33,0.31,0.31,0.31,594900
20/11/2023,0.33,0.33,0.31,0.32,0.32,296800
21/11/2023,0.31,0.32,0.31,0.31,0.31,275900
22/11/2023,0.31,0.32,0.28,0.3,0.3,550800
24/11/2023,0.31,0.32,0.3,0.32,0.32,276800
27/11/2023,0.34,0.37,0.33,0.34,0.34,1228900
28/11/2023,0.37,0.38,0.34,0.35,0.35,1244300
29/11/2023,0.36,0.36,0.3,0.3,0.3,812700
30/11/2023,0.32,0.32,0.29,0.29,0.29,472600
01/12/2023,0.31,0.31,0.28,0.29,0.29,600400
04/12/2023,0.29,0.31,0.28,0.3,0.3,549700
05/12/2023,0.3,0.32,0.3,0.3,0.3,515700
06/12/2023,0.3,0.31,0.3,0.3,0.3,280500
07/12/2023,0.31,0.33,0.29,0.33,0.33,663100
08/12/2023,0.32,0.32,0.3,0.31,0.31,573800
11/12/2023,0.3,0.3,0.29,0.29,0.29,308300
12/12/2023,0.3,0.3,0.27,0.27,0.27,755200
13/12/2023,0.28,0.29,0.26,0.27,0.27,1294800
14/12/2023,0.27,0.3,0.27,0.29,0.29,769900
15/12/2023,0.3,0.31,0.28,0.28,0.28,674700
18/12/2023,0.31,0.35,0.3,0.3,0.3,2694300
19/12/2023,0.32,0.33,0.29,0.3,0.3,1963900
20/12/2023,0.21,0.23,0.21,0.21,0.21,5434300
21/12/2023,0.22,0.23,0.21,0.21,0.21,1398400
22/12/2023,0.22,0.22,0.19,0.2,0.2,1837500
26/12/2023,0.21,0.21,0.18,0.19,0.19,1985600
27/12/2023,0.2,0.2,0.19,0.19,0.19,2790900
28/12/2023,0.2,0.21,0.19,0.2,0.2,1850000
29/12/2023,0.2,0.2,0.18,0.19,0.19,2302600
02/01/2024,0.19,0.19,0.18,0.18,0.18,1270400
03/01/2024,0.19,0.19,0.17,0.18,0.18,1893400
04/01/2024,0.18,0.19,0.17,0.18,0.18,960200
05/01/2024,0.18,0.19,0.18,0.19,0.19,661000
08/01/2024,0.19,0.21,0.19,0.2,0.2,1253600
09/01/2024,0.2,0.2,0.18,0.19,0.19,1040900
10/01/2024,0.18,0.19,0.18,0.18,0.18,747300
11/01/2024,0.18,0.18,0.17,0.18,0.18,626400
12/01/2024,0.18,0.19,0.18,0.18,0.18,716700
16/01/2024,0.19,0.2,0.18,0.19,0.19,1455200
17/01/2024,0.21,0.22,0.18,0.18,0.18,8217500
18/01/2024,0.18,0.19,0.18,0.19,0.19,1647800
19/01/2024,0.19,0.2,0.18,0.2,0.2,1510200
22/01/2024,0.19,0.2,0.18,0.19,0.19,854800
23/01/2024,0.19,0.19,0.19,0.19,0.19,774800
24/01/2024,0.19,0.19,0.19,0.19,0.19,601400
25/01/2024,0.19,0.19,0.17,0.18,0.18,893400
26/01/2024,0.18,0.19,0.18,0.19,0.19,453500
29/01/2024,0.19,0.21,0.19,0.2,0.2,1016000
30/01/2024,0.2,0.2,0.18,0.19,0.19,1232700
31/01/2024,0.18,0.18,0.18,0.18,0.18,868600
01/02/2024,0.18,0.18,0.16,0.17,0.17,1134200
02/02/2024,0.17,0.17,0.16,0.17,0.17,842100
05/02/2024,0.17,0.17,0.16,0.16,0.16,435800
06/02/2024,0.16,0.17,0.16,0.17,0.17,333300
07/02/2024,0.17,0.17,0.13,0.13,0.13,5066100
08/02/2024,0.14,0.14,0.11,0.12,0.12,5695300
09/02/2024,0.11,0.12,0.1,0.12,0.12,6328700
12/02/2024,0.12,0.14,0.11,0.13,0.13,2461000
13/02/2024,0.12,0.14,0.12,0.13,0.13,1033200
14/02/2024,0.13,0.13,0.13,0.13,0.13,1219500
15/02/2024,0.14,0.14,0.13,0.13,0.13,956700
16/02/2024,0.14,0.14,0.13,0.13,0.13,625300
20/02/2024,0.14,0.19,0.14,0.17,0.17,4941900
21/02/2024,0.18,0.18,0.14,0.14,0.14,3288700
22/02/2024,0.14,0.14,0.13,0.13,0.13,1564200
23/02/2024,0.14,0.14,0.13,0.13,0.13,1102700
26/02/2024,0.14,0.15,0.13,0.14,0.14,2253900
27/02/2024,0.14,0.14,0.13,0.13,0.13,1420600
28/02/2024,0.14,0.14,0.13,0.14,0.14,1068800
29/02/2024,0.14,0.16,0.14,0.15,0.15,1475900
01/03/2024,0.16,0.16,0.15,0.15,0.15,1674300
04/03/2024,0.16,0.16,0.14,0.15,0.15,1626500
05/03/2024,0.15,0.15,0.14,0.15,0.15,607100
06/03/2024,0.15,0.15,0.13,0.14,0.14,1510000
07/03/2024,0.14,0.14,0.14,0.14,0.14,497800
08/03/2024,0.14,0.14,0.13,0.14,0.14,2429300
11/03/2024,0.14,0.14,0.13,0.14,0.14,608300
12/03/2024,0.14,0.14,0.14,0.14,0.14,1110100
13/03/2024,0.14,0.14,0.13,0.14,0.14,1657600
14/03/2024,0.2,0.2,0.15,0.17,0.17,44885300
15/03/2024,0.17,0.17,0.14,0.15,0.15,5211400
18/03/2024,0.16,0.17,0.14,0.15,0.15,4979400
19/03/2024,0.17,0.17,0.15,0.16,0.16,5362700
20/03/2024,0.16,0.22,0.16,0.21,0.21,11463500
21/03/2024,0.23,0.26,0.21,0.22,0.22,21743800
22/03/2024,0.24,0.24,0.21,0.21,0.21,10415100
25/03/2024,0.24,0.43,0.21,0.33,0.33,126481800
26/03/2024,0.43,0.47,0.36,0.42,0.42,87755000
27/03/2024,0.41,0.42,0.35,0.41,0.41,20617600
28/03/2024,0.4,0.43,0.35,0.38,0.38,12736000
01/04/2024,0.4,0.43,0.35,0.41,0.41,14188900
02/04/2024,0.43,0.75,0.41,0.7,0.7,106166800
03/04/2024,0.65,0.83,0.58,0.71,0.71,33071100
04/04/2024,0.73,0.77,0.66,0.7,0.7,11036000
05/04/2024,0.66,0.67,0.55,0.59,0.59,12105200
08/04/2024,0.67,0.79,0.65,0.71,0.71,25028100
09/04/2024,0.73,0.75,0.66,0.74,0.74,8396500
10/04/2024,0.73,0.85,0.69,0.8,0.8,20075100
11/04/2024,0.84,0.9,0.78,0.81,0.81,13047200
12/04/2024,0.81,0.83,0.72,0.8,0.8,11450100
15/04/2024,0.68,0.7,0.56,0.58,0.58,11455400
16/04/2024,0.59,0.59,0.47,0.51,0.51,8044700
17/04/2024,0.49,0.51,0.45,0.48,0.48,5494200
18/04/2024,0.48,0.49,0.38,0.41,0.41,7404200
19/04/2024,0.39,0.46,0.39,0.45,0.45,7434200
22/04/2024,0.46,0.49,0.43,0.45,0.45,4327400
23/04/2024,0.5,0.57,0.49,0.52,0.52,21292200
24/04/2024,0.51,0.51,0.43,0.47,0.47,7089200
25/04/2024,0.47,0.47,0.45,0.47,0.47,3578600
26/04/2024,0.47,0.48,0.46,0.47,0.47,2309800
29/04/2024,0.47,0.48,0.45,0.47,0.47,3069800
30/04/2024,0.5,0.51,0.47,0.48,0.48,7124700
01/05/2024,0.49,0.49,0.46,0.47,0.47,3494500
02/05/2024,0.47,0.49,0.46,0.48,0.48,3060200
03/05/2024,0.48,0.48,0.44,0.46,0.46,3489100
06/05/2024,0.46,0.47,0.44,0.44,0.44,3330400
07/05/2024,0.48,0.48,0.42,0.43,0.43,4386600
08/05/2024,0.42,0.43,0.41,0.42,0.42,2808300
09/05/2024,0.42,0.48,0.41,0.47,0.47,3613600
10/05/2024,0.5,0.5,0.44,0.46,0.46,3654600
13/05/2024,0.48,0.49,0.43,0.46,0.46,4778600
14/05/2024,0.43,0.46,0.43,0.45,0.45,4677100
15/05/2024,0.46,0.48,0.44,0.47,0.47,7873300
16/05/2024,0.34,0.41,0.33,0.37,0.37,8407600
17/05/2024,0.37,0.39,0.34,0.35,0.35,4195800
20/05/2024,0.36,0.43,0.35,0.39,0.39,7313900
21/05/2024,0.4,0.41,0.38,0.4,0.4,2325100
22/05/2024,0.4,0.41,0.38,0.39,0.39,3837500
23/05/2024,0.39,0.39,0.35,0.36,0.36,3036400
24/05/2024,0.36,0.38,0.35,0.37,0.37,2278500
28/05/2024,0.37,0.38,0.34,0.35,0.35,2727900
29/05/2024,0.36,0.36,0.31,0.32,0.32,4294700
30/05/2024,0.32,0.33,0.29,0.31,0.31,3807700
31/05/2024,0.31,0.36,0.31,0.33,0.33,2346500
03/06/2024,0.33,0.33,0.31,0.32,0.32,1227800
04/06/2024,0.32,0.33,0.31,0.31,0.31,1419600
05/06/2024,0.31,0.31,0.3,0.31,0.31,1203000
06/06/2024,0.31,0.31,0.29,0.29,0.29,2409100
07/06/2024,0.31,0.31,0.25,0.28,0.28,3293800
10/06/2024,0.28,0.33,0.27,0.31,0.31,2886600
11/06/2024,0.31,0.36,0.31,0.35,0.35,2494800
12/06/2024,0.38,0.4,0.33,0.34,0.34,4575500
13/06/2024,0.34,0.39,0.34,0.38,0.38,2956700
14/06/2024,0.38,0.43,0.35,0.36,0.36,4537400
17/06/2024,0.38,0.39,0.35,0.37,0.37,1770700
18/06/2024,0.38,0.38,0.36,0.36,0.36,1186100
20/06/2024,0.37,0.39,0.32,0.34,0.34,3826900
21/06/2024,0.35,0.37,0.33,0.36,0.36,2226200
24/06/2024,0.37,0.37,0.34,0.34,0.34,1400700
25/06/2024,0.37,0.41,0.36,0.37,0.37,5441000
26/06/2024,0.39,0.43,0.38,0.4,0.4,3967100
27/06/2024,0.4,0.44,0.4,0.42,0.42,3799100
28/06/2024,0.42,0.42,0.38,0.4,0.4,1659800
01/07/2024,0.39,0.4,0.38,0.38,0.38,1215500
02/07/2024,0.38,0.41,0.38,0.39,0.39,895100
03/07/2024,0.39,0.4,0.39,0.39,0.39,703000
05/07/2024,0.37,0.39,0.35,0.37,0.37,3175000
08/07/2024,0.37,0.38,0.36,0.38,0.38,1580500
09/07/2024,0.38,0.38,0.35,0.35,0.35,1978100
10/07/2024,0.35,0.36,0.33,0.35,0.35,2193900
11/07/2024,0.36,0.36,0.34,0.34,0.34,1337500
12/07/2024,0.34,0.35,0.34,0.35,0.35,1159300
15/07/2024,0.35,0.35,0.34,0.34,0.34,1227700
16/07/2024,0.34,0.35,0.34,0.35,0.35,1807600
17/07/2024,0.34,0.35,0.33,0.33,0.33,965900
18/07/2024,0.33,0.33,0.31,0.31,0.31,1783700
19/07/2024,0.31,0.33,0.31,0.31,0.31,1015600
22/07/2024,0.33,0.33,0.29,0.31,0.31,1395600
23/07/2024,0.31,0.32,0.3,0.3,0.3,1092700
24/07/2024,0.3,0.31,0.27,0.29,0.29,1399800
25/07/2024,0.29,0.29,0.28,0.28,0.28,1218900
26/07/2024,0.29,0.3,0.29,0.3,0.3,845000
29/07/2024,0.29,0.31,0.29,0.3,0.3,743700
30/07/2024,0.3,0.3,0.27,0.28,0.28,2148300
31/07/2024,0.29,0.29,0.28,0.28,0.28,1222500
01/08/2024,0.29,0.29,0.26,0.27,0.27,1405400
02/08/2024,0.27,0.27,0.25,0.25,0.25,2041800
05/08/2024,0.22,0.24,0.22,0.23,0.23,2861000
06/08/2024,0.25,0.26,0.23,0.25,0.25,2387700
07/08/2024,0.26,0.26,0.23,0.24,0.24,1395900
08/08/2024,0.24,0.25,0.23,0.24,0.24,2198900
09/08/2024,0.25,0.25,0.23,0.24,0.24,2060300
12/08/2024,0.26,0.28,0.25,0.26,0.26,9185500
13/08/2024,0.22,0.23,0.2,0.21,0.21,5164000
14/08/2024,0.22,0.22,0.21,0.22,0.22,1783200
15/08/2024,0.22,0.22,0.21,0.22,0.22,1958300
16/08/2024,0.22,0.22,0.21,0.22,0.22,1478100
19/08/2024,0.22,0.22,0.21,0.22,0.22,2072000
20/08/2024,0.22,0.22,0.21,0.22,0.22,2415700
21/08/2024,0.24,0.28,0.24,0.28,0.28,4564100
22/08/2024,0.29,0.29,0.26,0.27,0.27,1440000
23/08/2024,0.27,0.29,0.27,0.27,0.27,1717300
26/08/2024,0.28,0.28,0.25,0.26,0.26,1229500
27/08/2024,0.26,0.26,0.25,0.26,0.26,1346200
28/08/2024,0.26,0.26,0.24,0.26,0.26,1508500
29/08/2024,0.27,0.27,0.25,0.26,0.26,949500
30/08/2024,0.27,0.27,0.24,0.26,0.26,1211000
03/09/2024,0.26,0.26,0.24,0.25,0.25,1398700
04/09/2024,0.24,0.26,0.24,0.25,0.25,1721000
05/09/2024,0.25,0.26,0.24,0.24,0.24,1033300
06/09/2024,0.24,0.25,0.22,0.24,0.24,816900
09/09/2024,0.24,0.24,0.23,0.24,0.24,781800
10/09/2024,0.25,0.25,0.23,0.24,0.24,2021400
11/09/2024,0.24,0.26,0.24,0.26,0.26,1132400
12/09/2024,0.26,0.3,0.26,0.29,0.29,2214500
13/09/2024,0.29,0.3,0.27,0.28,0.28,955300
16/09/2024,0.29,0.29,0.27,0.28,0.28,886000
17/09/2024,0.28,0.31,0.28,0.29,0.29,2671000
